-- MySQL dump 10.13  Distrib 8.0.32, for Win64 (x86_64)
--
-- Host: 127.0.0.1    Database: PharmInform
-- ------------------------------------------------------
-- Server version	8.0.32

/*!40101 SET @OLD_CHARACTER_SET_CLIENT=@@CHARACTER_SET_CLIENT */;
/*!40101 SET @OLD_CHARACTER_SET_RESULTS=@@CHARACTER_SET_RESULTS */;
/*!40101 SET @OLD_COLLATION_CONNECTION=@@COLLATION_CONNECTION */;
/*!50503 SET NAMES utf8mb4 */;
/*!40103 SET @OLD_TIME_ZONE=@@TIME_ZONE */;
/*!40103 SET TIME_ZONE='+00:00' */;
/*!40014 SET @OLD_UNIQUE_CHECKS=@@UNIQUE_CHECKS, UNIQUE_CHECKS=0 */;
/*!40014 SET @OLD_FOREIGN_KEY_CHECKS=@@FOREIGN_KEY_CHECKS, FOREIGN_KEY_CHECKS=0 */;
/*!40101 SET @OLD_SQL_MODE=@@SQL_MODE, SQL_MODE='NO_AUTO_VALUE_ON_ZERO' */;
/*!40111 SET @OLD_SQL_NOTES=@@SQL_NOTES, SQL_NOTES=0 */;

--
-- Table structure for table `Clinic`
--

/*!40101 SET @saved_cs_client     = @@character_set_client */;
/*!50503 SET character_set_client = utf8mb4 */;
CREATE TABLE `Clinic` (
  `ClinicName` varchar(50) NOT NULL,
  PRIMARY KEY (`ClinicName`)
) ENGINE=InnoDB DEFAULT CHARSET=utf8mb4 COLLATE=utf8mb4_0900_ai_ci;
/*!40101 SET character_set_client = @saved_cs_client */;

--
-- Dumping data for table `Clinic`
--

/*!40000 ALTER TABLE `Clinic` DISABLE KEYS */;
INSERT INTO `Clinic` VALUES ('Agimba'),('Blogpad'),('Browseblab'),('Browsetype'),('Dablist'),('Devcast'),('Flashpoint'),('Gigashots'),('Jazzy'),('Kamba'),('Kwilith'),('LiveZ'),('Mycat'),('Mydo'),('Ozu'),('Photobug'),('Quatz'),('Realblab'),('Realbuzz'),('Reallinks'),('Topicstorm'),('Twitterlist'),('Twitterwire'),('Yamia'),('Zazio');
/*!40000 ALTER TABLE `Clinic` ENABLE KEYS */;

--
-- Table structure for table `Clinical Trials`
--

/*!40101 SET @saved_cs_client     = @@character_set_client */;
/*!50503 SET character_set_client = utf8mb4 */;
CREATE TABLE `Clinical Trials` (
  `ClinicName` varchar(50) NOT NULL,
  `CTName` varchar(50) NOT NULL,
  `Indication` text NOT NULL,
  PRIMARY KEY (`ClinicName`,`CTName`),
  CONSTRAINT `fk_16` FOREIGN KEY (`ClinicName`) REFERENCES `Clinic` (`ClinicName`) ON UPDATE CASCADE
) ENGINE=InnoDB DEFAULT CHARSET=utf8mb4 COLLATE=utf8mb4_0900_ai_ci;
/*!40101 SET character_set_client = @saved_cs_client */;

--
-- Dumping data for table `Clinical Trials`
--

/*!40000 ALTER TABLE `Clinical Trials` DISABLE KEYS */;
INSERT INTO `Clinical Trials` VALUES ('Agimba','Stim','Neoplasm of uncertain behavior of left breast'),('Blogpad','Job','Ped on sktbrd injured in collision w pedl cyc, unsp, init'),('Browseblab','Bamity','Toxic effect of rattlesnake venom, undetermined, sequela'),('Browseblab','Bytecard','Toxic effect of ethanol, intentional self-harm, subs encntr'),('Dablist','Konklux','Brkdwn internal orth devices, implants and grafts, sequela'),('Dablist','Y-find','Frostbite with tissue necrosis of right arm, subs encntr'),('Flashpoint','Tres-Zap','Conjunctival concretions, bilateral'),('Kamba','Rank','Central cord syndrome at C6 level of cervical spinal cord'),('Kwilith','Holdlamis','Other osteomyelitis, lower leg'),('LiveZ','Zamit','Fall from skateboard, sequela'),('Mycat','Cookley','Asphyx due to being trapped in a car trunk, undet, sequela'),('Mycat','Tampflex','Unsp fracture of lower end of unspecified tibia, sequela'),('Ozu','Tin','Nondisp unsp fracture of unsp lesser toe(s), init for opn fx'),('Photobug','Tresom','Periprosth fracture around internal prosthetic l elbow joint'),('Quatz','Regrant','Oth inflammatory spondylopathies, sacr/sacrocygl region'),('Quatz','Zontrax','Disp fx of neck of first metacarpal bone, left hand'),('Reallinks','Bitwolf','Local-rel idio epi w seiz of loc onst, not ntrct, w stat epi'),('Reallinks','Holdlamis','Poisoning by beta-adrenocpt antagonists, undet, sequela'),('Topicstorm','Flexidy','Nondisp spiral fx shaft of l femr, 7thM'),('Topicstorm','Latlux','Asphyxiation due to hanging, assault, initial encounter'),('Twitterlist','Sub-Ex','Nondisp fx of base of third MC bone, left hand, sequela'),('Twitterwire','Y-Solowarm','Athscl autol vein bypass of extrm w intrmt claud, bi legs'),('Twitterwire','Zontrax','Stress fracture, unspecified femur, sequela'),('Yamia','Zathin','External constriction of left index finger, init encntr'),('Zazio','Matsoft','Neonatal tachycardia');
/*!40000 ALTER TABLE `Clinical Trials` ENABLE KEYS */;

--
-- Table structure for table `Drug Classes`
--

/*!40101 SET @saved_cs_client     = @@character_set_client */;
/*!50503 SET character_set_client = utf8mb4 */;
CREATE TABLE `Drug Classes` (
  `DCName` varchar(50) NOT NULL,
  PRIMARY KEY (`DCName`)
) ENGINE=InnoDB DEFAULT CHARSET=utf8mb4 COLLATE=utf8mb4_0900_ai_ci;
/*!40101 SET character_set_client = @saved_cs_client */;

--
-- Dumping data for table `Drug Classes`
--

/*!40000 ALTER TABLE `Drug Classes` DISABLE KEYS */;
INSERT INTO `Drug Classes` VALUES ('ac'),('consectetuer'),('curae'),('dictumst etiam'),('etiam pretium'),('eu tincidunt'),('faucibus orci'),('id'),('imperdiet'),('in felis'),('metus'),('metus aenean'),('nec nisi'),('non interdum'),('nulla mollis'),('nulla nunc'),('porta'),('sapien'),('sem'),('sit amet'),('tellus'),('tristique est'),('ut suscipit'),('volutpat eleifend');
/*!40000 ALTER TABLE `Drug Classes` ENABLE KEYS */;

--
-- Table structure for table `Layman Patients`
--

/*!40101 SET @saved_cs_client     = @@character_set_client */;
/*!50503 SET character_set_client = utf8mb4 */;
CREATE TABLE `Layman Patients` (
  `PUsername` varchar(20) NOT NULL,
  `password` varchar(20) NOT NULL,
  `FirstName` varchar(50) NOT NULL,
  `LastName` varchar(50) NOT NULL,
  `DOB` date NOT NULL,
  `Email` varchar(20) NOT NULL,
  `PharmEmail` varchar(20) NOT NULL,
  `Phone` varchar(20) DEFAULT NULL,
  PRIMARY KEY (`PUsername`),
  UNIQUE KEY `Email` (`Email`),
  UNIQUE KEY `PUsername` (`PUsername`),
  UNIQUE KEY `Phone` (`Phone`),
  KEY `fk_01` (`PharmEmail`),
  CONSTRAINT `fk_01` FOREIGN KEY (`PharmEmail`) REFERENCES `Pharmacists` (`PharmEmail`) ON DELETE CASCADE ON UPDATE CASCADE
) ENGINE=InnoDB DEFAULT CHARSET=utf8mb4 COLLATE=utf8mb4_0900_ai_ci;
/*!40101 SET character_set_client = @saved_cs_client */;

--
-- Dumping data for table `Layman Patients`
--

/*!40000 ALTER TABLE `Layman Patients` DISABLE KEYS */;
INSERT INTO `Layman Patients` VALUES ('aackwood1y','9QPFCNj','Aleen','Ackwood','1933-04-03','aackwood1y@tripadvis','bbailel@phpbb.com','236-215-3415'),('aanselmik7','1iW2rLmjJtEV','Alysia','Anselmi','1956-06-28','aanselmik7@wikispace','yjupeh@digg.com','696-921-8600'),('abelhommelp','Xoh3rAlRj5f','Ahmed','Belhomme','1950-07-20','abelhommelp@paypal.c','pziehm9@cnbc.com','651-207-9551'),('abenny6x','XxfE4Z','Amalle','Benny','1928-12-29','abenny6x@t-online.de','kasquithi@amazon.com','387-618-2322'),('abrammallok','uTwrC7W','Alberik','Brammall','1965-06-23','abrammallok@pbs.org','demelinen@upenn.edu','315-628-9215'),('abresman73','BrpEcj2BB','Alexei','Bresman','2010-12-27','abresman73@bbb.org','bbailel@phpbb.com','285-401-6230'),('abroadwayqf','2NKEieW','Alma','Broadway','1985-04-30','abroadwayqf@bigcarte','radao2@illinois.edu','695-467-6807'),('acalender4h','mTqjgxlrVfMz','Aluin','Calender','1993-01-05','acalender4h@umich.ed','cpencoto@weebly.com','383-467-0529'),('acantonjo','jpGH04B','Archibald','Canton','1937-08-30','acantonjo@nature.com','cpencoto@weebly.com','467-173-8075'),('achaineyf7','caFmbwxU','Alfonso','Chainey','1970-11-10','achaineyf7@e-recht24','imacneice0@google.de','157-227-0941'),('achampken1w','rlikK4','Aaron','Champken','2004-04-16','achampken1w@posterou','imacneice0@google.de','581-489-0344'),('acollyns8n','hJs0dnPrTn1p','Aguistin','Collyns','1981-10-10','acollyns8n@ft.com','kasquithi@amazon.com','997-361-2824'),('acoupela','hmvxe3Mc8','Alyce','Coupe','1951-02-06','acoupela@delicious.c','imacneice0@google.de','880-502-1015'),('acramond6v','fSPecMdN2ebM','Alfonse','Cramond','1976-08-14','acramond6v@rambler.r','bbailel@phpbb.com','118-560-0989'),('adefew14','0bI2m1gJ','Amalia','De Few','1984-06-15','adefew14@list-manage','bnurnyb@bluehost.com','823-504-4849'),('adegogay68','SXWIQrIl','Alanah','De Gogay','2003-09-09','adegogay68@4shared.c','radao2@illinois.edu','739-729-5259'),('adono3b','HscgLpbP2','Austin','Dono','1978-05-16','adono3b@slashdot.org','pziehm9@cnbc.com','862-381-0257'),('adurnokk','SGaa5YEjG2n','Aleta','Durno','1958-04-20','adurnokk@nationalgeo','afranc1@stanford.edu','561-930-6024'),('aendicottro','MGMVw0adLIS','Alejandra','Endicott','2018-12-21','aendicottro@shutterf','kasquithi@amazon.com','803-404-3977'),('afaldoe4x','t8S0fNVUDTS7','Anstice','Faldoe','1992-06-24','afaldoe4x@seesaa.net','afranc1@stanford.edu','841-610-9177'),('afeakq6','g8uKsx2KE08','Alfonso','Feak','1944-09-21','afeakq6@elpais.com','gketcher5@t.co','514-464-7133'),('afeechanrp','AVbjirNQU','Averyl','Feechan','1936-01-23','afeechanrp@chron.com','bnurnyb@bluehost.com','918-374-7170'),('aflorezk9','cGyisC6Dod','Artair','Florez','1952-12-02','aflorezk9@netvibes.c','cpencoto@weebly.com','970-600-9009'),('aflynnmu','cTN2DrmuuO','Abbie','Flynn','1922-12-24','aflynnmu@unesco.org','bnurnyb@bluehost.com','528-244-5010'),('aforgeo1','3lW7irEPwN6','Alfreda','Forge','1974-09-05','aforgeo1@fastcompany','mgozzetta@unicef.org','624-251-4806'),('afrossell5m','RZ7nT8KH5','Artie','Frossell','1977-09-19','afrossell5m@upenn.ed','cocrianef@gnu.org','266-191-9887'),('ahan18','yMzht1w7vIMH','Avery','Han','1991-01-16','ahan18@icio.us','cocrianef@gnu.org','311-454-8013'),('ahavocd7','0uXmhS','Alla','Havoc','1938-11-06','ahavocd7@skyrock.com','imacneice0@google.de','904-230-1357'),('ahawksbydj','YVWFJd','Arther','Hawksby','1964-04-25','ahawksbydj@yelp.com','bbailel@phpbb.com','501-367-6749'),('aheddon77','JT9a5C0n','Abelard','Heddon','1932-12-17','aheddon77@ebay.co.uk','lfey7@icq.com','438-519-6749'),('ajestyga','08wei2F5v','Abraham','Jesty','1927-12-29','ajestyga@purevolume.','pziehm9@cnbc.com','650-127-5194'),('akaplan7t','hgvIJ6yTw6D','Arabel','Kaplan','1957-10-03','akaplan7t@barnesandn','pziehm9@cnbc.com','954-211-6766'),('akingzetto4','n0svIBu26','Angel','Kingzett','1929-12-15','akingzetto4@reddit.c','demelinen@upenn.edu','274-137-8533'),('alaban57','onDNANBIRh5','Alisun','Laban','1943-02-11','alaban57@ask.com','stallyn4@spiegel.de','160-425-2618'),('alambert36','IJu7GmR9k','Anastassia','Lambert','2008-07-15','alambert36@list-mana','dogarag@vkontakte.ru','549-650-2196'),('alugard2t','kYtHHsBK0','Alisun','Lugard','1973-11-24','alugard2t@theglobean','radao2@illinois.edu','677-215-2168'),('amatushevichbg','obHzLxO7','Artemis','Matushevich','1984-05-29','amatushevichbg@opens','dogarag@vkontakte.ru','567-911-4692'),('amishowi8','A8DwnF','Atalanta','Mishow','1999-09-18','amishowi8@t-online.d','cocrianef@gnu.org','186-590-5527'),('amoyecf','7B83QWn','Amanda','Moye','1936-07-26','amoyecf@vinaora.com','cocrianef@gnu.org','926-467-7013'),('anesfieldau','kxQQyoAG','Anton','Nesfield','1961-05-27','anesfieldau@wufoo.co','imacneice0@google.de','576-206-7427'),('anorwayqv','PQE7rcpE','Alexis','Norway','1940-01-28','anorwayqv@t-online.d','cocrianef@gnu.org','131-623-9024'),('aoene56','I7qqUL','Alane','Oene','1924-02-26','aoene56@hugedomains.','yjupeh@digg.com','792-761-0921'),('aokeshottfh','9TIVky854','Alfie','Okeshott','1953-02-14','aokeshottfh@oracle.c','cpencoto@weebly.com','733-590-4493'),('aperelliq','gMjs8f4jGya','Adela','Perell','1946-07-21','aperelliq@mac.com','kasquithi@amazon.com','336-121-6720'),('aperonepq','Dik4rhEQI','Alessandro','Perone','1950-02-17','aperonepq@storify.co','radao2@illinois.edu','160-433-1576'),('apiochr3','OUJL12rTL0zS','Adriano','Pioch','1975-03-09','apiochr3@redcross.or','radao2@illinois.edu','207-325-5403'),('apoynton3a','oTaxzeX95Xt','Angil','Poynton','1939-07-10','apoynton3a@theguardi','bnurnyb@bluehost.com','973-735-7546'),('aprobinrg','MoUK8z21S0','Alecia','Probin','2012-06-27','aprobinrg@ning.com','afranc1@stanford.edu','783-274-7237'),('arankmore74','39sr8tJY5pX8','Adoree','Rankmore','1922-09-11','arankmore74@chron.co','dstokeym@histats.com','291-680-8583'),('aschmuhl1n','aWvpZz','Adrianne','Schmuhl','1984-06-02','aschmuhl1n@forbes.co','dstokeym@histats.com','418-756-4365'),('asheerin5i','neEscVuSCamn','Archibaldo','Sheerin','1979-09-19','asheerin5i@flavors.m','lfey7@icq.com','268-790-1776'),('asowman6c','pKA0jF','Anette','Sowman','1930-09-29','asowman6c@wikimedia.','lfey7@icq.com','809-127-7557'),('aspacyin','4qnIJXL','Anderea','Spacy','1932-06-12','aspacyin@comsenz.com','imacneice0@google.de','963-564-6377'),('atassello7','rr9PBQOB0n','Abbi','Tassell','1935-11-09','atassello7@dyndns.or','cpencoto@weebly.com','993-601-0364'),('athamesl3','SslVrBYG6','Atlanta','Thames','1987-03-17','athamesl3@omniture.c','kasquithi@amazon.com','654-334-8533'),('atrenholmp','yHAuXnuFMi7','Ardeen','Trenholm','1933-05-14','atrenholmp@unblog.fr','lfey7@icq.com','753-903-2169'),('atrorey10','T3iGM3yWK','Annamaria','Trorey','1972-05-09','atrorey10@spotify.co','mgozzetta@unicef.org','244-208-1595'),('aturgoose4j','RpjEYdz0j','Arte','Turgoose','2016-03-10','aturgoose4j@cyberchi','bnurnyb@bluehost.com','540-424-0397'),('avisel9','09Gews6dVk','Annabela','Vise','1949-04-17','avisel9@ucla.edu','pziehm9@cnbc.com','744-393-3276'),('awakemani1','BwbtQEI','Agosto','Wakeman','1944-02-12','awakemani1@goo.gl','cocrianef@gnu.org','898-170-2614'),('awyman2f','6M2xHcE','Albertina','Wyman','2022-01-24','awyman2f@umn.edu','yjupeh@digg.com','682-310-1065'),('ayoskowitz8d','JkWiJvNotxmr','Adan','Yoskowitz','2011-06-25','ayoskowitz8d@blogtal','cpencoto@weebly.com','503-951-9526'),('azanazzib5','kxHP6pX','Arron','Zanazzi','2017-06-24','azanazzib5@bloglines','yjupeh@digg.com','378-806-8310'),('bbarberi3','G5iPo0','Bernadette','Barber','2001-06-03','bbarberi3@marriott.c','lfey7@icq.com','597-193-1434'),('bbirminghamc6','7P0M2Gj3ro','Bryon','Birmingham','1989-09-11','bbirminghamc6@angelf','radao2@illinois.edu','664-308-3089'),('bbridgergy','YvvNK598','Bren','Bridger','1998-08-07','bbridgergy@netvibes.','dogarag@vkontakte.ru','626-279-5368'),('bcawker9x','Lt4afd','Bunny','Cawker','2011-02-25','bcawker9x@hp.com','imacneice0@google.de','571-791-5517'),('bcicerody','Znkw9Std','Brucie','Cicero','1950-06-25','bcicerody@so-net.ne.','radao2@illinois.edu','508-869-5273'),('bcromblehome3q','d5WDhRfaC','Basile','Cromblehome','2004-08-03','bcromblehome3q@washi','pziehm9@cnbc.com','443-118-6178'),('bcrooker9','6SAGOhtPpB','Benny','Crooke','1929-08-27','bcrooker9@marketwatc','gketcher5@t.co','484-621-4222'),('bdafforner1','wjuotNsX','Brew','Dafforne','1952-12-10','bdafforner1@multiply','bnurnyb@bluehost.com','613-208-9825'),('bdinsell1k','EhBDCXQV','Bertrando','Dinsell','1960-07-03','bdinsell1k@symantec.','dogarag@vkontakte.ru','856-379-0212'),('bdowgx','BSXKnT7Z','Britni','Dow','1968-02-09','bdowgx@nasa.gov','lfey7@icq.com','982-448-7030'),('bdrainsfe','pmQV8R','Bernardo','Drains','1928-08-10','bdrainsfe@google.it','gketcher5@t.co','860-296-7877'),('bdulinty3j','YiA7GqibYeC','Beniamino','Dulinty','1969-01-12','bdulinty3j@blogs.com','cocrianef@gnu.org','113-694-8322'),('bdullardb7','5oYMgU','Brigida','Dullard','1968-05-08','bdullardb7@canalblog','pziehm9@cnbc.com','149-502-8814'),('bfetherstonhaughfn','FPkM1SuRxH89','Beverly','Fetherstonhaugh','1980-03-19','bfetherstonhaughfn@w','radao2@illinois.edu','792-876-9065'),('bfieldhouseeo','xnncljcfK','Bennie','Fieldhouse','2020-01-15','bfieldhouseeo@reddit','radao2@illinois.edu','622-222-3766'),('bfillerom','h124gq','Bald','Filler','1946-06-27','bfillerom@techcrunch','yjupeh@digg.com','887-694-1235'),('bforde5v','BNhBWyRFT','Bernetta','Forde','2010-03-28','bforde5v@nps.gov','cpencoto@weebly.com','186-846-4113'),('bgedgejy','BcrtzzkYL4H5','Burr','Gedge','1998-12-03','bgedgejy@amazon.co.u','stallyn4@spiegel.de','676-467-0591'),('bgelland97','GODNgjp','Brander','Gelland','1973-11-15','bgelland97@oakley.co','kasquithi@amazon.com','270-540-5760'),('bgoodreid4f','Gp8fhyaGWzfp','Berni','Goodreid','1961-10-19','bgoodreid4f@xing.com','pziehm9@cnbc.com','248-185-8217'),('bharrowingqo','l0TEiXFwx','Beverley','Harrowing','2010-07-08','bharrowingqo@soundcl','cpencoto@weebly.com','479-461-3412'),('bhatherleighjz','n9WKYYFWPe','Brianna','Hatherleigh','2001-05-05','bhatherleighjz@marri','yjupeh@digg.com','928-370-0024'),('bhopkins6g','aAppiB2iSr','Bayard','Hopkins','1926-12-04','bhopkins6g@booking.c','dogarag@vkontakte.ru','336-591-4804'),('bhowroydmy','6uk0oOKcD7','Boothe','Howroyd','1929-03-17','bhowroydmy@cbslocal.','dogarag@vkontakte.ru','647-485-5206'),('bhull2v','agtNogi','Billi','Hull','1943-08-19','bhull2v@squidoo.com','kasquithi@amazon.com','451-641-1603'),('bjukes82','PXeTKhIuQGv2','Benedikta','Jukes','1973-02-14','bjukes82@indiegogo.c','afranc1@stanford.edu','454-106-0309'),('blahrsdl','R23qat','Briant','Lahrs','1985-01-20','blahrsdl@so-net.ne.j','dogarag@vkontakte.ru','812-416-6846'),('blavin6p','kowRCUoD','Baldwin','Lavin','1985-03-18','blavin6p@seesaa.net','stallyn4@spiegel.de','964-312-9593'),('bligertwood4i','GtkLBLK54EOl','Brianne','Ligertwood','2004-08-01','bligertwood4i@php.ne','bbailel@phpbb.com','600-542-9834'),('bloveitt5s','ZOXXS24f','Bryce','Loveitt','2016-07-08','bloveitt5s@merriam-w','pziehm9@cnbc.com','630-892-1811'),('bmachin4a','wH9TOA','Barb','Machin','2018-01-01','bmachin4a@sohu.com','dstokeym@histats.com','760-806-2740'),('bmaciverem','lz8JnuWGCnN','Bellanca','MacIver','2000-04-18','bmaciverem@cdbaby.co','kasquithi@amazon.com','317-805-6747'),('bmarvenbu','56P6GED9dD','Benita','Marven','1929-12-23','bmarvenbu@example.co','dogarag@vkontakte.ru','381-432-1370'),('bmooreed1','wNa6GT9On','Brittani','Mooreed','1930-05-10','bmooreed1@unc.edu','dogarag@vkontakte.ru','378-236-5301'),('bpeskett8q','w6aJSpxmw','Barbabas','Peskett','1935-11-06','bpeskett8q@cbsnews.c','lfey7@icq.com','932-214-3757'),('bpobjoynh','yAvycmaLSgC1','Bobbie','Pobjoy','1957-11-20','bpobjoynh@archive.or','kasquithi@amazon.com','661-432-4092'),('brankmorem','RaWV3AU','Bendicty','Rankmore','2021-12-10','brankmorem@twitpic.c','demelinen@upenn.edu','555-763-3268'),('bredholesg7','jHHEuprAD','Billy','Redholes','1996-06-27','bredholesg7@cornell.','mgozzetta@unicef.org','237-850-3685'),('brocksos','kDRnR9R','Beryle','Rocks','1967-12-15','brocksos@imageshack.','imacneice0@google.de','618-110-6631'),('broughan5j','7ggILL9MRee','Bayard','Roughan','1952-09-11','broughan5j@behance.n','gketcher5@t.co','646-527-9892'),('bschaffler3e','xxJygmSX5M','Bank','Schaffler','1923-11-21','bschaffler3e@yellowb','stallyn4@spiegel.de','344-791-9805'),('bschultesby','biGqQ2bmQ','Blancha','Schultes','1989-02-02','bschultesby@china.co','mgozzetta@unicef.org','702-369-9460'),('bsharplinq1','bfdf3M','Bale','Sharplin','2015-05-24','bsharplinq1@pagesper','demelinen@upenn.edu','309-454-4225'),('bshillabeare8c','ZUAI1TW','Brockie','Shillabeare','1983-12-20','bshillabeare8c@istoc','mgozzetta@unicef.org','931-626-6995'),('bstarmer58','JLTsVEClP','Blondell','Starmer','1973-10-05','bstarmer58@theguardi','demelinen@upenn.edu','604-664-6244'),('bstiell61','9erUObJaYy2','Blondell','Stiell','1996-11-29','bstiell61@ning.com','yjupeh@digg.com','410-306-3311'),('bsuttell3u','w3AQDbx','Barnabas','Suttell','1982-11-17','bsuttell3u@businessw','dstokeym@histats.com','901-227-7049'),('btoothillhx','L9OUedz8e','Batsheva','Toothill','1962-10-07','btoothillhx@blogspot','radao2@illinois.edu','670-914-0560'),('btrynorcb','l9GztHo','Bobby','Trynor','2007-03-08','btrynorcb@i2i.jp','bbailel@phpbb.com','107-387-4337'),('bwetherellld','1ErCBZjhqaK','Bronnie','Wetherell','1999-12-17','bwetherellld@omnitur','yjupeh@digg.com','342-852-7678'),('bworboysi7','mjASn9t','Bert','Worboys','1970-07-15','bworboysi7@bandcamp.','afranc1@stanford.edu','819-586-3287'),('bwrackia','OqR8Q5TyY','Benedikta','Wrack','1944-01-09','bwrackia@wikispaces.','demelinen@upenn.edu','980-271-2675'),('cabelsonrk','irK5aZKu','Clair','Abelson','1949-08-05','cabelsonrk@wordpress','cocrianef@gnu.org','389-455-1820'),('carneyqs','OZ5KCdK','Cyril','Arney','2016-07-30','carneyqs@mashable.co','yjupeh@digg.com','998-737-1324'),('cbesre','DNjfAtX3G6Sh','Cecilius','Bes','1923-03-23','cbesre@cdbaby.com','dstokeym@histats.com','566-709-9934'),('cbleymanec','6xMSu6','Cortney','Bleyman','1962-09-04','cbleymanec@mit.edu','bnurnyb@bluehost.com','457-848-4532'),('cbocockp2','mqAO8nM66Bi','Caryl','Bocock','1959-08-15','cbocockp2@apple.com','lfey7@icq.com','322-109-7693'),('cbriersh0','rDT7q8c9rm','Cymbre','Briers','2010-05-07','cbriersh0@java.com','cpencoto@weebly.com','406-419-2010'),('cbristo43','NaCf8tdDtXms','Cherise','Bristo','1997-07-12','cbristo43@skyrock.co','stallyn4@spiegel.de','146-363-9772'),('ccandwellqb','1zE1JGyp','Carrissa','Candwell','1972-04-17','ccandwellqb@prlog.or','imacneice0@google.de','116-470-9259'),('ccartmer8r','6eQwPumdnlK1','Christine','Cartmer','1965-04-02','ccartmer8r@xinhuanet','radao2@illinois.edu','720-860-2650'),('ccastertonr4','oOVLOEq','Carla','Casterton','1990-09-15','ccastertonr4@chicago','dogarag@vkontakte.ru','178-924-9766'),('cchessillmi','I0wLmUGdUSJf','Charmion','Chessill','1988-03-24','cchessillmi@wired.co','yjupeh@digg.com','296-941-5588'),('ccoiegm','bFdOUOFTF','Charin','Coie','1983-03-01','ccoiegm@msu.edu','radao2@illinois.edu','653-891-3599'),('ccolbourn4r','pLY0jGO','Catlee','Colbourn','1924-02-25','ccolbourn4r@github.i','cocrianef@gnu.org','264-955-2544'),('ccrooks44','3YQQM7eUh','Cassy','Crooks','1950-12-06','ccrooks44@yellowbook','afranc1@stanford.edu','202-584-2108'),('cderwinl5','sUKSmXRmFb7k','Celine','Derwin','1947-10-03','cderwinl5@whitehouse','mgozzetta@unicef.org','951-396-5648'),('ceaglestone78','5oAa8a3Gu','Clemmy','Eaglestone','1966-09-26','ceaglestone78@shop-p','cocrianef@gnu.org','812-541-3883'),('cfarrantsk1','U2VJbM6i','Ches','Farrants','1937-08-04','cfarrantsk1@apache.o','afranc1@stanford.edu','440-669-5186'),('cferieny','O3yCL7RXLbF','Chandra','Ferie','1937-03-22','cferieny@amazon.co.j','dstokeym@histats.com','637-570-1350'),('cgarnsworthy50','Ak8Fdf','Cesaro','Garnsworthy','1942-06-25','cgarnsworthy50@infos','imacneice0@google.de','355-431-0422'),('cgaulerqz','hcSVzP','Chilton','Gauler','1958-06-12','cgaulerqz@newsvine.c','demelinen@upenn.edu','472-748-7573'),('cgontierjk','VjOPxhUloWJ','Carolus','Gontier','1942-09-28','cgontierjk@reddit.co','radao2@illinois.edu','944-391-4994'),('cgrimsleygj','7O8T8QxNni','Corri','Grimsley','2015-07-07','cgrimsleygj@goo.ne.j','cocrianef@gnu.org','175-782-7277'),('cguidenbv','teiOhOkXo','Chiquita','Guiden','1932-02-17','cguidenbv@jalbum.net','yjupeh@digg.com','478-509-0674'),('channonk4','zdtfRCQqZsjM','Cristabel','Hannon','1981-02-13','channonk4@ebay.com','dogarag@vkontakte.ru','889-529-8076'),('charrillab','uA1m1PWz8op2','Cindie','Harrill','1990-08-06','charrillab@t.co','dstokeym@histats.com','487-638-9773'),('cheadanhq','6r8Lti8','Colin','Headan','1943-07-18','cheadanhq@mlb.com','lfey7@icq.com','244-763-3449'),('chindenbergeram','4gHrUet','Clarisse','Hindenberger','1946-10-12','chindenbergeram@uol.','demelinen@upenn.edu','555-502-5817'),('chowmanhj','BG92S6k','Cindie','Howman','1978-04-03','chowmanhj@simplemach','dogarag@vkontakte.ru','409-331-1804'),('ckurth31','2xkGVzMpm5uE','Claudell','Kurth','1933-07-11','ckurth31@eepurl.com','mgozzetta@unicef.org','193-717-3014'),('clambertiez','Ctr4hJsDfFTV','Cobbie','Lamberti','1924-06-25','clambertiez@homestea','gketcher5@t.co','964-436-8663'),('clanneyoz','vDvXeuxn','Caria','Lanney','1940-07-25','clanneyoz@twitpic.co','lfey7@icq.com','261-139-3623'),('clindstedt93','X8K9H4Xe0','Correna','Lindstedt','1923-11-02','clindstedt93@earthli','bbailel@phpbb.com','699-529-5737'),('cmcasgilljw','F0w7VuBZJgG','Courtney','McAsgill','2022-11-17','cmcasgilljw@mozilla.','demelinen@upenn.edu','222-904-2627'),('cmccallumpl','aZsdsQ','Constanta','McCallum','1987-05-07','cmccallumpl@cdc.gov','dstokeym@histats.com','342-876-8671'),('cmchirrie2w','QJiF3CUGhrR','Chancey','M\'Chirrie','1942-11-24','cmchirrie2w@google.c','cocrianef@gnu.org','480-350-9643'),('cmeader70','cgycvCFKEC','Casper','Meader','1937-02-05','cmeader70@histats.co','yjupeh@digg.com','323-571-4376'),('cnewbury53','0r4CKZ6O','Candie','Newbury','1942-07-26','cnewbury53@who.int','radao2@illinois.edu','431-515-6445'),('cnorthroplj','seOZV1','Caspar','Northrop','1944-01-10','cnorthroplj@theglobe','yjupeh@digg.com','527-532-1468'),('cnutbeanj6','hHm5GVnuE4Y','Cobby','Nutbean','1986-05-13','cnutbeanj6@mapy.cz','lfey7@icq.com','371-725-2547'),('cosipenkoc0','uslEKo6','Caren','Osipenko','1941-11-07','cosipenkoc0@cdc.gov','lfey7@icq.com','346-636-7176'),('cpleydq','xap1QElvCWb','Collette','Pley','1960-02-23','cpleydq@goo.ne.jp','yjupeh@digg.com','555-695-3749'),('crabbetmz','AXyjrNBakE','Chuck','Rabbet','1964-11-08','crabbetmz@bing.com','lfey7@icq.com','351-296-4263'),('crichleyph','NpvkeXl','Charlene','Richley','2001-11-27','crichleyph@thetimes.','bbailel@phpbb.com','184-208-0370'),('csheahang0','y7KqOTQeee8u','Colene','Sheahan','2014-06-10','csheahang0@cyberchim','gketcher5@t.co','783-521-9771'),('csibillejh','O5S6fEJNq','Cinda','Sibille','1968-07-03','csibillejh@amazon.co','lfey7@icq.com','910-174-6668'),('cskyppp0','U805rmCD','Clarisse','Skypp','1930-12-08','cskyppp0@answers.com','dogarag@vkontakte.ru','740-899-0683'),('csonschein7p','9hxsG0dyuKNc','Culley','Sonschein','1923-08-08','csonschein7p@yellowb','dogarag@vkontakte.ru','963-739-5505'),('cspeddino8','kkTFlkTB','Christoper','Speddin','1929-01-22','cspeddino8@twitpic.c','imacneice0@google.de','726-829-1338'),('cspierbe','5lfuUYH','Corbett','Spier','1999-02-08','cspierbe@google.ru','demelinen@upenn.edu','515-981-6993'),('cswinleynq','izCWR5','Cordie','Swinley','1975-03-30','cswinleynq@archive.o','gketcher5@t.co','221-756-3859'),('cthomersonim','ASgMbQh','Carmina','Thomerson','1987-09-21','cthomersonim@fotki.c','cpencoto@weebly.com','815-685-0647'),('ctregale9a','U87yRmD','Celeste','Tregale','1944-07-23','ctregale9a@mayoclini','demelinen@upenn.edu','429-171-4356'),('cwilshere88','9bZqFK8','Casandra','Wilshere','1989-12-15','cwilshere88@globo.co','demelinen@upenn.edu','993-521-3046'),('cyallowleybp','2CRss0','Cassandry','Yallowley','1960-08-13','cyallowleybp@usnews.','imacneice0@google.de','809-303-8821'),('dbaistowc','DZF7RqL1XRUe','Denyse','Baistow','2007-10-23','dbaistowc@miibeian.g','pziehm9@cnbc.com','973-384-8084'),('dbelsher25','KDUIP3z','Dorolisa','Belsher','1947-06-03','dbelsher25@domainmar','imacneice0@google.de','832-544-9458'),('dbootellc3','lwa5aoZ','Dania','Bootell','1964-04-17','dbootellc3@va.gov','bnurnyb@bluehost.com','414-330-7107'),('dbunnelley','yLM2xG','Duky','Bunnell','1975-07-02','dbunnelley@biglobe.n','bnurnyb@bluehost.com','566-435-5339'),('dburnellc2','XWd7EiseFQ40','Daniele','Burnell','1985-06-28','dburnellc2@census.go','cpencoto@weebly.com','799-984-7134'),('dcaudrelier75','3pQdhg9yWcI','Dillon','Caudrelier','2007-06-04','dcaudrelier75@cmu.ed','demelinen@upenn.edu','232-222-5162'),('dchanson2j','m6qM4Nl1omW','Debra','Chanson','1942-11-15','dchanson2j@bluehost.','cpencoto@weebly.com','614-841-6522'),('dcheyneybj','MWLnjK9T','Donny','Cheyney','1927-11-03','dcheyneybj@imgur.com','radao2@illinois.edu','617-103-2667'),('dcorneckbc','lGrVZCp','Dominick','Corneck','1989-08-30','dcorneckbc@is.gd','bnurnyb@bluehost.com','934-978-7710'),('dcridlinh6','wBwFV80TtKMl','Daron','Cridlin','1948-02-06','dcridlinh6@a8.net','kasquithi@amazon.com','675-665-7189'),('dewer6h','ORST1Z','Danice','Ewer','1973-07-18','dewer6h@plala.or.jp','radao2@illinois.edu','645-767-5095'),('dgautrey7i','vKjEL9Qm','Dolores','Gautrey','1990-11-09','dgautrey7i@hp.com','afranc1@stanford.edu','467-882-5383'),('dgillbanks5f','uF27nx','Daniel','Gillbanks','1994-03-30','dgillbanks5f@eventbr','pziehm9@cnbc.com','185-294-6407'),('dgydeho','u19lkqL','D\'arcy','Gyde','1928-11-11','dgydeho@nhs.uk','stallyn4@spiegel.de','789-384-0691'),('dhadigatefz','TkoXIBbEO5','Dickie','Hadigate','1944-12-14','dhadigatefz@zdnet.co','dstokeym@histats.com','802-139-9441'),('dhaggerstonda','1BeLt7Xa','Derril','Haggerston','1956-10-26','dhaggerstonda@google','bnurnyb@bluehost.com','447-384-1264'),('dheughnb','p8EeZZDS9syq','Donna','Heugh','2004-05-03','dheughnb@cbslocal.co','cocrianef@gnu.org','244-423-7736'),('dkinvanjj','7qkY4KKp','Dorothee','Kinvan','1979-08-26','dkinvanjj@stanford.e','gketcher5@t.co','676-312-1660'),('dkrolikm4','JYHE7IJWZxq','Dody','Krolik','1928-02-13','dkrolikm4@addtoany.c','stallyn4@spiegel.de','461-760-8638'),('dlanktreemo','7MR5JmHLM1pn','Donelle','Lanktree','2017-05-17','dlanktreemo@vkontakt','radao2@illinois.edu','890-904-2452'),('dlevis21','qcngX5r7RZ34','Delphine','Levis','1946-03-05','dlevis21@skype.com','cpencoto@weebly.com','282-189-4730'),('domarkeyf2','WYZR795yzr3','Dorelia','O\' Markey','1984-04-07','domarkeyf2@virginia.','pziehm9@cnbc.com','816-427-6123'),('dpeaddiekj','mTwwjdRGaoBn','Dermot','Peaddie','1926-10-01','dpeaddiekj@cbsnews.c','mgozzetta@unicef.org','215-749-9441'),('dpenas6n','DPqrCn','Dru','Penas','2012-11-01','dpenas6n@army.mil','demelinen@upenn.edu','281-148-2682'),('drulten8h','ZUcvEuYeXl','Demott','Rulten','2017-02-22','drulten8h@jimdo.com','stallyn4@spiegel.de','703-476-9210'),('dsarathgu','bvnZXFJGQY','Demetris','Sarath','1975-10-01','dsarathgu@macromedia','demelinen@upenn.edu','750-611-3142'),('dsimacek8v','IysKljEN','Danika','Simacek','2017-08-31','dsimacek8v@techcrunc','pziehm9@cnbc.com','253-938-1552'),('dskirvindw','POiLK8','Davidson','Skirvin','1979-10-07','dskirvindw@ted.com','bbailel@phpbb.com','690-457-1556'),('dsuttle7o','OmKiBSO','Darcy','Suttle','2006-03-16','dsuttle7o@pagesperso','stallyn4@spiegel.de','814-731-2264'),('dtester9k','M6Qp9U0UXGj','Dolli','Tester','1960-12-09','dtester9k@e-recht24.','imacneice0@google.de','192-662-0287'),('dvanwaadenburg7z','y4SIzZJ1KTn','Duffie','Van Waadenburg','1987-08-14','dvanwaadenburg7z@ow.','yjupeh@digg.com','684-136-4767'),('dvolonteob','YKCx0Xlc','Darill','Volonte','1956-07-07','dvolonteob@lulu.com','cocrianef@gnu.org','620-791-5130'),('dwackettks','1mLGHUi07Ud','Dniren','Wackett','1932-09-15','dwackettks@latimes.c','demelinen@upenn.edu','684-214-5910'),('eadolphinenk','UyEVmAdv4ZsU','Ermina','Adolphine','2013-09-05','eadolphinenk@1und1.d','mgozzetta@unicef.org','670-496-0738'),('eatherley7l','Y6Z43Al3','Esdras','Atherley','1981-12-05','eatherley7l@nps.gov','pziehm9@cnbc.com','672-109-5619'),('ebaughamn9','2cZHHFu0','Eberhard','Baugham','1995-09-28','ebaughamn9@va.gov','dstokeym@histats.com','846-202-2490'),('ebrolechan5z','HhuKb3tSv','Emory','Brolechan','1985-03-28','ebrolechan5z@who.int','demelinen@upenn.edu','400-826-7607'),('ecejkait','QVjPMi','Ebenezer','Cejka','1985-12-29','ecejkait@ocn.ne.jp','bbailel@phpbb.com','516-778-2089'),('eelbyf3','60ck3DiI7l','Ertha','Elby','1941-07-15','eelbyf3@twitpic.com','cpencoto@weebly.com','527-809-0353'),('egarrowct','2B4UJOqIB','Ennis','Garrow','1925-08-03','egarrowct@scribd.com','pziehm9@cnbc.com','109-338-3701'),('egashionjs','hDY4KFfWL','Emmalynn','Gashion','1932-02-24','egashionjs@infoseek.','kasquithi@amazon.com','426-894-2581'),('egobeauxm2','42MbVkBdaoA','Etan','Gobeaux','1942-10-27','egobeauxm2@va.gov','imacneice0@google.de','716-249-2203'),('eguilliland9t','8jDyhyPbpdl','Emiline','Guilliland','1934-12-10','eguilliland9t@ted.co','cpencoto@weebly.com','458-210-8600'),('ehabblemg','EyHBWDD3','Early','Habble','1974-10-24','ehabblemg@instagram.','bbailel@phpbb.com','162-161-4884'),('ehenzleydk','iHratlavwHk6','Erasmus','Henzley','2008-02-15','ehenzleydk@netscape.','kasquithi@amazon.com','572-439-9147'),('ehounsomid','ijZy0sy','Evelin','Hounsom','2012-05-25','ehounsomid@t.co','stallyn4@spiegel.de','198-137-1476'),('ehurn13','A8DWxz','Ellette','Hurn','1927-01-11','ehurn13@hubpages.com','demelinen@upenn.edu','727-442-0691'),('eklimkovichqy','jSOml6F47a2N','Elwyn','Klimkovich','1954-11-18','eklimkovichqy@blogli','lfey7@icq.com','402-482-8980'),('elautieao','6y8Xzj','Emmit','Lautie','1982-07-17','elautieao@freewebs.c','mgozzetta@unicef.org','229-640-3143'),('eleachm0','oG8oLnmatfJd','Ettie','Leach','1934-07-06','eleachm0@hao123.com','gketcher5@t.co','102-215-1193'),('elonghorn8','uLZteXHWG2c','Erasmus','Longhorn','1994-02-21','elonghorn8@mac.com','imacneice0@google.de','185-941-7138'),('emacksteadgp','YGU0xih4cAbs','Erinn','Mackstead','1997-10-01','emacksteadgp@buzzfee','cocrianef@gnu.org','509-771-9243'),('emartinuzzill','SSLegx','Egan','Martinuzzi','1942-04-19','emartinuzzill@pagine','cpencoto@weebly.com','679-790-1543'),('emctrustamjc','8nWMzGm','Electra','McTrustam','2020-10-16','emctrustamjc@furl.ne','dstokeym@histats.com','703-799-2351'),('emeejd','eAlmSOqrtrQ','Ev','Mee','1983-07-03','emeejd@geocities.com','radao2@illinois.edu','594-565-5964'),('eminghellanx','yNYops4UIE','Edithe','Minghella','1998-06-05','eminghellanx@japanpo','afranc1@stanford.edu','526-101-9906'),('emoritp8','NrNJJ5j','Elmore','Morit','1942-06-08','emoritp8@google.de','kasquithi@amazon.com','605-254-0117'),('emusterd1c','FQ0WZW','Etty','Musterd','1948-02-18','emusterd1c@reverbnat','yjupeh@digg.com','539-477-6442'),('enorvelmt','zDBFzvCpg','Emile','Norvel','2012-12-10','enorvelmt@examiner.c','lfey7@icq.com','128-969-8780'),('eoldershawh1','tbn619SCEEt','Elbert','Oldershaw','2013-10-21','eoldershawh1@europa.','bbailel@phpbb.com','783-563-5328'),('epardiehb','JZ82u6or67','Eunice','Pardie','1965-12-30','epardiehb@freewebs.c','pziehm9@cnbc.com','930-366-4533'),('ephillpot98','rPdViP','Elfreda','Phillpot','1980-07-30','ephillpot98@zdnet.co','dstokeym@histats.com','762-342-2972'),('epiersfo','UJHPgx9q5Xw9','Erl','Piers','1977-09-20','epiersfo@sciencedire','kasquithi@amazon.com','364-524-5288'),('erobjentscs','ynB4ds1D','Eilis','Robjents','1956-12-08','erobjentscs@buzzfeed','dstokeym@histats.com','513-361-9466'),('eruckman5t','8ujsFDVC','Ebeneser','Ruckman','2000-12-13','eruckman5t@businessw','lfey7@icq.com','209-962-0554'),('escurreylu','hhcN0wuB','Elena','Scurrey','1956-06-11','escurreylu@bbb.org','mgozzetta@unicef.org','748-726-9321'),('eserris6','mCVN8yvQ2H4G','Em','Serris','2002-08-15','eserris6@sphinn.com','kasquithi@amazon.com','600-898-8484'),('esigwardi0','MHqn7jDK','Eustace','Sigward','1960-07-05','esigwardi0@fc2.com','yjupeh@digg.com','178-274-1060'),('esutterfieldqk','dECMye56sw32','Emory','Sutterfield','1925-08-11','esutterfieldqk@sakur','dogarag@vkontakte.ru','380-705-7770'),('evanderkruijsfa','UjYmWsjPqs','Eddy','Van der Kruijs','2019-10-19','evanderkruijsfa@ehow','pziehm9@cnbc.com','719-353-7424'),('fadelmancv','Odj7Ul','Franklyn','Adelman','1967-03-09','fadelmancv@narod.ru','dogarag@vkontakte.ru','168-441-9706'),('fbamboroughco','4B9CQEy117ay','Filippo','Bamborough','1990-03-09','fbamboroughco@soundc','demelinen@upenn.edu','135-251-7447'),('fbeldon1j','jjYytBOKaf','Fons','Beldon','1991-09-27','fbeldon1j@pcworld.co','cocrianef@gnu.org','113-218-2978'),('fclemoesew','FbdYkUt','Fair','Clemoes','2021-09-02','fclemoesew@prnewswir','dstokeym@histats.com','714-846-6821'),('fcuffleyrr','PY4hZQe','Fayre','Cuffley','1923-09-12','fcuffleyrr@xinhuanet','demelinen@upenn.edu','394-358-6052'),('fdavauxmq','Jf08Z6','Felipe','D\'Avaux','1942-11-05','fdavauxmq@independen','gketcher5@t.co','132-654-3427'),('fdosdales','jiQktiMHiCaM','Filip','Dosdale','1954-04-06','fdosdales@simplemach','kasquithi@amazon.com','102-440-4030'),('femanueledc','g5hC6G9U1X','Frederich','Emanuele','1999-12-01','femanueledc@japanpos','dstokeym@histats.com','412-151-6422'),('ffairbanksen','QI64zP','Feliza','Fairbanks','1939-11-03','ffairbanksen@ycombin','yjupeh@digg.com','187-492-9880'),('fforrestall9l','y0KphR','Frederick','Forrestall','1993-02-25','fforrestall9l@gnu.or','lfey7@icq.com','837-817-8150'),('fhabbin8e','uccACyF60D7','Frederica','Habbin','2020-08-29','fhabbin8e@cbsnews.co','demelinen@upenn.edu','520-984-1612'),('fhallsworthlk','3yH2Gy1NF','Federica','Hallsworth','2005-06-21','fhallsworthlk@umich.','kasquithi@amazon.com','695-126-2497'),('fhaster7e','Fr8IFKy','Felita','Haster','1923-12-19','fhaster7e@wikipedia.','gketcher5@t.co','560-967-7699'),('fhessepk','TOfiiRuV','Fredericka','Hesse','2002-03-17','fhessepk@timesonline','imacneice0@google.de','883-885-3235'),('fmasserelca','sbObDmHV','Farrand','Masserel','1975-04-04','fmasserelca@senate.g','imacneice0@google.de','188-658-9837'),('fmucklestonib','ykK5xuXfd1','Foster','Muckleston','2017-01-08','fmucklestonib@nymag.','yjupeh@digg.com','122-422-2830'),('fnecoldslr','fk0y85','Fabiano','Necolds','1943-08-31','fnecoldslr@acquireth','radao2@illinois.edu','714-774-0730'),('fperrelli2k','mx69rs','Farris','Perrelli','1941-04-21','fperrelli2k@squidoo.','radao2@illinois.edu','178-888-4023'),('fportalmj','qvbqEU4Tzi','Faye','Portal','2006-12-07','fportalmj@mediafire.','pziehm9@cnbc.com','391-151-8410'),('fransomq5','SL21r7cah','Fey','Ransom','2012-05-21','fransomq5@hostgator.','lfey7@icq.com','201-638-0989'),('freach3k','GtCwy8s','Feodor','Reach','2000-04-27','freach3k@oracle.com','radao2@illinois.edu','626-191-8836'),('frydingpj','qhdyc0M','Fredia','Ryding','1985-04-09','frydingpj@businessin','demelinen@upenn.edu','572-526-6143'),('fsaintsbury3r','u7pbd6','Frankie','Saintsbury','1987-08-25','fsaintsbury3r@facebo','demelinen@upenn.edu','335-178-0281'),('gablesonml','BKa1jN6Q','Glennis','Ableson','1943-03-11','gablesonml@pbs.org','imacneice0@google.de','861-401-8842'),('gaudleyqi','eQfyQO','Gregoire','Audley','1949-06-06','gaudleyqi@tinypic.co','gketcher5@t.co','518-866-7226'),('gbrambelli6','5KDLxQvnXqX','Gwenette','Brambell','1960-02-12','gbrambelli6@about.co','pziehm9@cnbc.com','701-809-7635'),('gcisseneu','ovW2VUFD','Gayler','Cissen','2018-04-29','gcisseneu@dmoz.org','demelinen@upenn.edu','388-650-3963'),('gdarcey30','sHSxkZWbR','Gwendolyn','Darcey','1974-10-31','gdarcey30@rambler.ru','cpencoto@weebly.com','994-327-0220'),('gerridgees','tbVRsU5ql','Georgina','Erridge','1941-06-11','gerridgees@google.nl','cocrianef@gnu.org','645-245-3338'),('gfinnemorelv','fGWf23','Gwyn','Finnemore','2013-07-10','gfinnemorelv@ameblo.','dogarag@vkontakte.ru','784-672-6676'),('ggiacomiex','JHRBmbWy','Gusella','Giacomi','1974-07-18','ggiacomiex@vinaora.c','bbailel@phpbb.com','551-135-6574'),('ggrasona7','9MDmGyoQ1M','Glynda','Grason','2000-12-30','ggrasona7@unc.edu','radao2@illinois.edu','882-833-2792'),('gharesnaipqq','YGr8u7FspcYI','Garnette','Haresnaip','2021-08-27','gharesnaipqq@sun.com','mgozzetta@unicef.org','486-873-0269'),('ghrus5h','iphdNzg8IQ','Glen','Hrus','1925-11-22','ghrus5h@parallels.co','cpencoto@weebly.com','558-460-6325'),('gkentwellds','QIKgXUUcY1X4','Granville','Kentwell','1929-01-24','gkentwellds@reuters.','cpencoto@weebly.com','956-899-0598'),('glarkbo','VJYPQmp','Giffer','Lark','1970-03-16','glarkbo@marriott.com','dstokeym@histats.com','150-919-3943'),('glaybornp1','xFVBWwHO','Gabby','Layborn','1989-12-09','glaybornp1@1688.com','bnurnyb@bluehost.com','961-754-4054'),('gleathemfg','SKqr878MyzQ','Goldie','Leathem','1925-05-12','gleathemfg@163.com','bnurnyb@bluehost.com','871-398-6857'),('gmatuskiewicz7s','qhtfli','Gladi','Matuskiewicz','1962-11-09','gmatuskiewicz7s@type','bnurnyb@bluehost.com','828-210-1765'),('goreagankw','ab9b6OMP5xc','Gerda','O\'Reagan','1984-10-24','goreagankw@github.io','bbailel@phpbb.com','227-144-3530'),('gpockn8','GyBPpD','Griffy','Pock','1938-03-26','gpockn8@flickr.com','afranc1@stanford.edu','154-899-5811'),('grobilarte2','laCnpn','Gerri','Robilart','1930-02-19','grobilarte2@sphinn.c','cocrianef@gnu.org','429-874-4501'),('groseborough54','Uptowi1ms','Gerda','Roseborough','1969-07-10','groseborough54@engad','mgozzetta@unicef.org','308-623-7083'),('groskeillycn','dY7XoeAMvK','Guenna','Roskeilly','2006-05-02','groskeillycn@va.gov','bnurnyb@bluehost.com','337-246-0326'),('gslimingsj0','FRMdZyKel','Gretna','Slimings','1924-04-04','gslimingsj0@wikipedi','dogarag@vkontakte.ru','802-982-6766'),('gthewysa4','oeuPClJr','Georgeanna','Thewys','1955-06-07','gthewysa4@cpanel.net','bnurnyb@bluehost.com','319-399-2440'),('hambroschjb','pUckzFsJnCSr','Hamish','Ambrosch','1970-06-09','hambroschjb@usgs.gov','bnurnyb@bluehost.com','121-179-3360'),('hasbury7','PdUXbhYUd','Haleigh','Asbury','1996-10-02','hasbury7@adobe.com','cocrianef@gnu.org','509-498-6583'),('hbecraftj3','bLHV42hy4ZE','Humfried','Becraft','1968-09-07','hbecraftj3@nih.gov','yjupeh@digg.com','842-928-9611'),('hcauldfieldiu','CnUTJCpInZ','Henrietta','Cauldfield','2005-08-25','hcauldfieldiu@tamu.e','afranc1@stanford.edu','382-345-5379'),('hdewhurst5g','EBwjuX','Henrie','Dewhurst','1936-09-28','hdewhurst5g@e-recht2','dogarag@vkontakte.ru','588-554-3914'),('hdoveij','PIIrGsW','Hillery','Dove','2002-04-09','hdoveij@ihg.com','gketcher5@t.co','185-249-6125'),('hduriefr','LU6rbH7','Hanni','Durie','2012-05-09','hduriefr@europa.eu','cocrianef@gnu.org','156-834-8987'),('headieq8','urG8PO84Om','Hagan','Eadie','1941-03-21','headieq8@joomla.org','kasquithi@amazon.com','713-900-6292'),('heiversz','q97EdN7gP','Hercule','Eivers','2020-05-07','heiversz@tumblr.com','gketcher5@t.co','172-692-1569'),('hfyalla6','oOQYcGqdGYX','Humfrid','Fyall','2004-03-25','hfyalla6@census.gov','mgozzetta@unicef.org','224-303-5269'),('hgildersleavesls','q3V0RbjA','Henrietta','Gildersleaves','1933-05-06','hgildersleavesls@dro','bbailel@phpbb.com','140-743-0793'),('hgoodman8a','Aa4BxKm','Harlen','Goodman','2008-04-11','hgoodman8a@earthlink','radao2@illinois.edu','346-842-4428'),('hgrinoveg','OAc2MM','Hart','Grinov','2023-01-29','hgrinoveg@pen.io','dstokeym@histats.com','974-598-1532'),('hhoultonov','gUcpqKjNpOj','Hewett','Houlton','1975-02-27','hhoultonov@reddit.co','cpencoto@weebly.com','560-432-4101'),('hjornrf','Pa4y9bT','Hedvige','Jorn','1965-05-20','hjornrf@cnbc.com','mgozzetta@unicef.org','712-299-5124'),('hlembrickq2','eYrVQaS','Husein','Lembrick','1971-08-12','hlembrickq2@google.r','bnurnyb@bluehost.com','126-352-3847'),('hmuresscj','3oEPXVz2bl','Haze','Muress','2013-11-20','hmuresscj@deviantart','radao2@illinois.edu','516-513-9502'),('hmuzzillo3m','y3jObHnVv','Hasheem','Muzzillo','2022-05-02','hmuzzillo3m@foxnews.','bbailel@phpbb.com','475-449-4593'),('holdmeadowdx','oiOzYvimbB9O','Hillery','Oldmeadow','1999-01-12','holdmeadowdx@kicksta','imacneice0@google.de','657-186-8994'),('horgen20','0YV2s429y9U9','Hershel','Orgen','1981-06-19','horgen20@networksolu','gketcher5@t.co','542-636-1989'),('hpendlingtoniy','E4MSeyZk','Harris','Pendlington','1972-01-29','hpendlingtoniy@umich','mgozzetta@unicef.org','377-595-6103'),('hperfordir','R4as7KAx','Heindrick','Perford','2012-05-16','hperfordir@reverbnat','gketcher5@t.co','265-982-5358'),('hpraundlbq','P4TsyE8','Hilario','Praundl','1983-01-19','hpraundlbq@altervist','lfey7@icq.com','133-805-0982'),('hquirke6i','TQ1ttXzi','Howard','Quirke','1976-11-03','hquirke6i@technorati','cpencoto@weebly.com','888-760-6052'),('hricketsfm','TeJS3EokC0Gz','Hillier','Rickets','1989-10-24','hricketsfm@tamu.edu','afranc1@stanford.edu','758-696-0900'),('hschuh6y','i2VIYL','Hallie','Schuh','2021-01-18','hschuh6y@rambler.ru','radao2@illinois.edu','997-472-2420'),('hszantholy','653FmULUTM','Hortense','Szantho','1953-09-01','hszantholy@aol.com','afranc1@stanford.edu','583-941-6203'),('hthireaubr','nLpDU8z','Howard','Thireau','2015-08-11','hthireaubr@umn.edu','cocrianef@gnu.org','147-674-2602'),('hvannuccinii9u','IkJmLzME8E','Hattie','Vannuccinii','2008-05-17','hvannuccinii9u@last.','yjupeh@digg.com','825-740-2173'),('hwallbankjr','RwRDNzeB','Hollis','Wallbank','1950-01-29','hwallbankjr@usa.gov','imacneice0@google.de','687-915-1584'),('hwealleansas','esfnwJlmr','Hadleigh','Wealleans','1935-05-11','hwealleansas@theguar','cpencoto@weebly.com','751-766-3032'),('hwillfordhw','ZLxsHpmbcQ','Hort','Willford','1966-09-06','hwillfordhw@twitter.','dstokeym@histats.com','645-494-5115'),('iawdryrn','Dsec1zJ','Imogen','Awdry','1972-02-15','iawdryrn@list-manage','yjupeh@digg.com','717-791-9688'),('ibalhatchetlf','4qQdS9','Itch','Balhatchet','2018-06-16','ibalhatchetlf@xinhua','radao2@illinois.edu','275-464-4793'),('ibarbrook9g','MD6xUchtQm','Ignace','Barbrook','1953-08-06','ibarbrook9g@google.c','pziehm9@cnbc.com','105-134-5144'),('ibaylesrl','x9128fDpQq','Isis','Bayles','2008-03-28','ibaylesrl@jalbum.net','bbailel@phpbb.com','164-860-1276'),('iduesberryjn','zjGDFlh2sXF','Ivor','Duesberry','2021-04-30','iduesberryjn@artiste','bnurnyb@bluehost.com','366-729-4148'),('iebbage9z','oV91Ghn','Ivett','Ebbage','1948-02-24','iebbage9z@pagesperso','afranc1@stanford.edu','973-196-5466'),('ighiriardellinw','nYjhGasNfi5y','Ibby','Ghiriardelli','1932-04-04','ighiriardellinw@buzz','radao2@illinois.edu','621-779-8980'),('iguiduccid1','GgZ8NlHQbJ','Isabelle','Guiducci','2014-06-16','iguiduccid1@smh.com.','bbailel@phpbb.com','305-180-5996'),('isellstromh5','w0jgADu','Ilysa','Sellstrom','1963-03-14','isellstromh5@mashabl','bnurnyb@bluehost.com','288-543-7784'),('iwiltshearg5','NFuHkSd','Isaac','Wiltshear','2004-07-04','iwiltshearg5@joomla.','cpencoto@weebly.com','198-781-5283'),('iyearnnl','7akgIZ2','Ingaborg','Yearn','1935-02-01','iyearnnl@cdc.gov','radao2@illinois.edu','385-175-4101'),('jaldwichol','mLTkbv','Jaymie','Aldwich','1956-09-20','jaldwichol@dion.ne.j','dogarag@vkontakte.ru','630-298-1655'),('jandersenbl','GhrV5JhWr','Jeannine','Andersen','1951-07-21','jandersenbl@oaic.gov','kasquithi@amazon.com','111-213-2113'),('jantoniazzipo','qJaKslsIbI6','Joaquin','Antoniazzi','1965-10-22','jantoniazzipo@eepurl','pziehm9@cnbc.com','861-164-8272'),('jbasek9f','cUAJ27MdK','Jae','Basek','1924-11-23','jbasek9f@addtoany.co','dogarag@vkontakte.ru','488-341-5868'),('jbothbie6f','p5JTpD','Jack','Bothbie','2008-12-19','jbothbie6f@nba.com','dstokeym@histats.com','495-162-2929'),('jciccettibw','VGR9YDCSS','Jody','Ciccetti','1948-07-04','jciccettibw@wsj.com','stallyn4@spiegel.de','950-626-3727'),('jclemendetfv','tNSTDhSAYNV','Joelly','Clemendet','1934-11-05','jclemendetfv@lulu.co','yjupeh@digg.com','504-326-1644'),('jcollesh4','XBJMg7t','Juliann','Colles','1991-03-18','jcollesh4@liveintern','stallyn4@spiegel.de','851-810-5265'),('jcottu3i','yU2hmzBFkhmP','Joaquin','Cottu','1950-10-19','jcottu3i@salon.com','yjupeh@digg.com','611-569-5792'),('jcourtenaynu','rVot8s02nZ4C','Janessa','Courtenay','2021-09-28','jcourtenaynu@delicio','bnurnyb@bluehost.com','974-322-3164'),('jdanilyukku','ayB1AjrQY0zu','Joy','Danilyuk','1931-09-03','jdanilyukku@dailymai','gketcher5@t.co','100-392-1574'),('jdegg95','j9fYYb','Joann','Degg','2020-05-28','jdegg95@cyberchimps.','cocrianef@gnu.org','567-949-3526'),('jdowdenc9','5PmQ32','Jerrome','Dowden','1928-03-23','jdowdenc9@cbslocal.c','kasquithi@amazon.com','957-236-2592'),('jerikj8','nbx3PMTa9DW','Jacquelyn','Erik','1923-12-30','jerikj8@oaic.gov.au','cpencoto@weebly.com','173-297-7551'),('jfrisel5r','h54Q47bXvd4','Jacob','Frisel','2020-06-02','jfrisel5r@icq.com','gketcher5@t.co','555-976-1025'),('jguidoniq0','urR6T8ice1d','Jerrie','Guidoni','1993-09-18','jguidoniq0@github.io','mgozzetta@unicef.org','378-727-9926'),('jjablonskile','oaSChnksS0','Jessey','Jablonski','1924-06-05','jjablonskile@stumble','cpencoto@weebly.com','637-360-2839'),('jkeennd','wAol0x','Jeremiah','Keen','2020-11-06','jkeennd@mtv.com','yjupeh@digg.com','228-924-9735'),('jmaccartairh2','UhHw5K0wRzen','Jodi','MacCartair','1978-04-09','jmaccartairh2@scienc','gketcher5@t.co','517-797-7718'),('jmannionkd','YgYDAltUcL2','Josey','Mannion','1954-09-18','jmannionkd@dropbox.c','bnurnyb@bluehost.com','938-101-7611'),('jmatchamlt','6boZVGFTtQ3','Jacobo','Matcham','2004-09-08','jmatchamlt@ed.gov','lfey7@icq.com','566-232-8287'),('jmccrackemnr','amW4yVwHP','Joey','McCrackem','1979-07-02','jmccrackemnr@hatena.','bbailel@phpbb.com','366-954-2605'),('jmeekna','1FbB0tslm','Jaquenetta','Meek','1949-11-23','jmeekna@wired.com','bbailel@phpbb.com','247-927-6679'),('jmunday19','laghW3','Jeremie','Munday','1983-01-27','jmunday19@photobucke','cpencoto@weebly.com','638-884-3990'),('jmunroe9d','Y42ISBjV2uO','Jolene','Munroe','1932-04-19','jmunroe9d@wix.com','afranc1@stanford.edu','557-564-7679'),('jolliffeoj','AvCLsvk','Joshua','Olliffe','1922-09-09','jolliffeoj@stanford.','bbailel@phpbb.com','978-617-3095'),('jpavlovico3','nFy7D9B','Josephine','Pavlovic','1993-12-08','jpavlovico3@alexa.co','lfey7@icq.com','976-592-6217'),('jpearsehg','auTMTN7OXKsy','Julita','Pearse','1941-07-28','jpearsehg@ask.com','demelinen@upenn.edu','266-195-2472'),('jpennihv','KKa9pmf','Justina','Penni','1937-02-20','jpennihv@rediff.com','bnurnyb@bluehost.com','624-937-8512'),('jpiattiaq','G6HYkAOt','Jeremias','Piatti','2021-08-18','jpiattiaq@people.com','cocrianef@gnu.org','678-782-4878'),('jproffittrj','4lklQU4nJL5q','Jerrylee','Proffitt','1980-05-22','jproffittrj@jimdo.co','stallyn4@spiegel.de','278-139-2789'),('jprowtingq7','lvUUAVbK','Jarib','Prowting','1987-05-17','jprowtingq7@amazonaw','bbailel@phpbb.com','849-516-9268'),('jsamudiok8','PjR6znZJhdj9','Jobyna','Samudio','1929-12-28','jsamudiok8@npr.org','dogarag@vkontakte.ru','789-700-2013'),('jschnieder4b','zMojM3y1gvE','Janot','Schnieder','2018-06-13','jschnieder4b@simplem','gketcher5@t.co','801-193-4731'),('jtollerfc','W2M5Zt5Bueo','Jacquette','Toller','2021-01-27','jtollerfc@aol.com','bbailel@phpbb.com','965-759-5660'),('jtomenson66','u0OYj2e9lfi','Jermayne','Tomenson','1978-08-18','jtomenson66@g.co','mgozzetta@unicef.org','108-783-1871'),('kantecki9c','u8eUzZl','Kaela','Antecki','1966-11-12','kantecki9c@nymag.com','radao2@illinois.edu','936-559-6689'),('kbarbrickdg','UdDijaq','Kerrin','Barbrick','1941-07-26','kbarbrickdg@psu.edu','lfey7@icq.com','683-127-2165'),('kblackmuir4d','VS9XGL','Kennett','Blackmuir','1995-07-16','kblackmuir4d@aol.com','kasquithi@amazon.com','868-575-9128'),('kblythequ','7YhGOOz95','Kally','Blythe','2017-06-16','kblythequ@fotki.com','kasquithi@amazon.com','940-339-5005'),('kboden1f','91Gpi1','Karole','Boden','1950-04-05','kboden1f@ameblo.jp','pziehm9@cnbc.com','196-451-3356'),('kbrokenbrowqa','GjiBwsst','Katrine','Brokenbrow','1937-08-03','kbrokenbrowqa@source','stallyn4@spiegel.de','205-418-4506'),('kcromartyqw','6r0SSNIq2','Kiersten','Cromarty','2012-07-04','kcromartyqw@webmd.co','pziehm9@cnbc.com','157-802-9151'),('kdalgettyhh','qlYUCi6eLbIQ','Kalindi','Dalgetty','1939-12-19','kdalgettyhh@nsw.gov.','cpencoto@weebly.com','637-195-7971'),('kdigglego','tFp8ST4yit','Kerr','Diggle','1986-04-01','kdigglego@opensource','yjupeh@digg.com','129-746-5962'),('kfarmerypr','PGtNZOr68p','Kevin','Farmery','1955-02-16','kfarmerypr@hexun.com','cpencoto@weebly.com','475-891-2562'),('kfollet4c','BwnjAf89dx','Kit','Follet','1956-11-13','kfollet4c@oracle.com','dogarag@vkontakte.ru','306-423-0878'),('kghelerdini7y','ke6YM3h','Kacy','Ghelerdini','1950-05-27','kghelerdini7y@hhs.go','cocrianef@gnu.org','211-676-6854'),('kgoneaunm','DugGHtAOkuh','Kial','Goneau','1977-02-25','kgoneaunm@bloglines.','dogarag@vkontakte.ru','307-433-2264'),('kgraingey','WXyAzgCzFiV','Kaitlyn','Grainge','1996-09-13','kgraingey@last.fm','radao2@illinois.edu','538-949-3576'),('kjorckn3','EHVQpSN','Kamillah','Jorck','2001-02-07','kjorckn3@webmd.com','imacneice0@google.de','657-762-4326'),('kkunzkp','YEkiVqvfOL','Kalli','Kunz','1923-12-24','kkunzkp@unblog.fr','stallyn4@spiegel.de','997-563-6639'),('klendrem2i','Hd9czJy','Kacie','Lendrem','2008-01-01','klendrem2i@hud.gov','dstokeym@histats.com','108-669-4939'),('kparramore9p','8ncC2d8','Kristal','Parramore','1954-11-01','kparramore9p@bandcam','gketcher5@t.co','293-885-4666'),('kpinwellg3','zPCCYEkDj3xg','Kala','Pinwell','1936-08-22','kpinwellg3@google.ca','kasquithi@amazon.com','583-911-1445'),('krogero6','zT3eZJ','Kristal','Roger','1944-03-29','krogero6@house.gov','yjupeh@digg.com','315-127-8665'),('ksandifer3h','BFKmKDPIdyu0','Keene','Sandifer','1990-02-01','ksandifer3h@about.me','bnurnyb@bluehost.com','661-596-6430'),('kskehanj2','vCLHRHIY','Kelvin','Skehan','1956-08-14','kskehanj2@unblog.fr','pziehm9@cnbc.com','228-306-8916'),('ksoff5x','QFwFwcoycjJL','Karna','Soff','1949-04-24','ksoff5x@weather.com','kasquithi@amazon.com','863-980-6586'),('kspon9o','xEKzGnRbwu','Kennan','Spon','1986-06-07','kspon9o@goo.gl','yjupeh@digg.com','971-391-4556'),('kwheelhousek6','KW5b7nYjxqMi','Kaja','Wheelhouse','2004-11-09','kwheelhousek6@shop-p','dstokeym@histats.com','587-810-9023'),('kwyvillmb','49TKexQC4','Kipp','Wyvill','1932-03-17','kwyvillmb@npr.org','cpencoto@weebly.com','113-481-2938'),('lannandalegb','PzP7kAC','Lynett','Annandale','2017-06-17','lannandalegb@census.','demelinen@upenn.edu','359-817-5515'),('lbattyehd','BW6kLB6z','Lacee','Battye','1939-06-29','lbattyehd@pinterest.','imacneice0@google.de','758-458-8824'),('lboughen1r','2E7Egt','Laryssa','Boughen','1990-11-03','lboughen1r@mac.com','afranc1@stanford.edu','126-226-9373'),('lcarenlx','hjVnnmo','Land','Caren','1924-05-19','lcarenlx@sfgate.com','bnurnyb@bluehost.com','389-889-3663'),('lcobbefb','itTK2o3','Lurlene','Cobbe','1964-01-12','lcobbefb@i2i.jp','mgozzetta@unicef.org','917-864-1301'),('ldeancywillis9i','xSX4Gf9h4o','Lanita','de\'-Ancy Willis','1980-06-24','ldeancywillis9i@is.g','bnurnyb@bluehost.com','878-672-6885'),('lebbotts9r','HhnkIoam','Lind','Ebbotts','1954-05-06','lebbotts9r@ftc.gov','cocrianef@gnu.org','565-492-1757'),('lelger26','rXuH9z4I7Bgu','L;urette','Elger','1975-10-29','lelger26@wikimedia.o','kasquithi@amazon.com','540-857-3319'),('lgawthropa8','7cDOLUg','Land','Gawthrop','1938-08-14','lgawthropa8@economis','lfey7@icq.com','641-890-4510'),('lgeckeax','NJK03ipj','Lizabeth','Gecke','1988-05-11','lgeckeax@globo.com','kasquithi@amazon.com','800-876-8171'),('lgifford8t','iKxb8x4k','Lindi','Gifford','1966-01-20','lgifford8t@eepurl.co','cocrianef@gnu.org','263-568-9593'),('lgoldfinchb3','y7D6IdQPfrY','Lotte','Goldfinch','2009-06-28','lgoldfinchb3@cnbc.co','dogarag@vkontakte.ru','408-128-3922'),('lgooddinget','tnbfG6Asc','Lemuel','Goodding','2003-12-02','lgooddinget@nps.gov','dogarag@vkontakte.ru','372-643-4169'),('lgoodletek','zInKzVu','Llewellyn','Goodlet','1922-07-03','lgoodletek@bizjourna','lfey7@icq.com','400-273-9861'),('lgreshamn6','1uh6Mj7HqucZ','Laurianne','Gresham','1930-12-19','lgreshamn6@altervist','bnurnyb@bluehost.com','189-292-6566'),('lgundrym3','g4aX1W','Linette','Gundry','1938-07-10','lgundrym3@wired.com','dstokeym@histats.com','621-883-0688'),('lhabershonr2','UvcKhpQ','Lyndsay','Habershon','1977-03-22','lhabershonr2@jigsy.c','imacneice0@google.de','816-273-1139'),('lhawkingsfj','e8VTuz','Leif','Hawkings','1972-06-27','lhawkingsfj@psu.edu','lfey7@icq.com','737-498-3177'),('lhouten1o','N0HWuq','Lucky','Houten','1941-09-05','lhouten1o@usatoday.c','bnurnyb@bluehost.com','754-248-9643'),('lhunncx','VFYLdElhqPj','Lainey','Hunn','1982-01-30','lhunncx@bloglovin.co','cpencoto@weebly.com','473-773-5061'),('lkassidyft','18iMPZyPXMp','Lonnie','Kassidy','1928-01-23','lkassidyft@amazon.co','stallyn4@spiegel.de','457-373-1810'),('lkennonkq','TaoC3zxlh0','Leighton','Kennon','2002-07-20','lkennonkq@cyberchimp','kasquithi@amazon.com','416-992-2051'),('llehucquet8s','KqIvtPzGnoWr','Louella','Le Hucquet','1954-10-28','llehucquet8s@mapques','bnurnyb@bluehost.com','885-593-6191'),('lluckenb','rOo3rh','Lyssa','Lucken','2019-09-03','lluckenb@engadget.co','radao2@illinois.edu','893-670-4736'),('lmacmurray85','WFwOMUJt9DM','Lem','MacMurray','1981-03-15','lmacmurray85@blogger','bbailel@phpbb.com','722-251-2931'),('lmessam11','AfsIbmuO','Lewiss','Messam','2019-02-20','lmessam11@vimeo.com','afranc1@stanford.edu','470-807-6248'),('lnewburnpa','vEBoR1','Lazaro','Newburn','2023-02-15','lnewburnpa@sbwire.co','afranc1@stanford.edu','229-217-6876'),('locahsedyk3','xvXeMy','Leta','O\'Cahsedy','1956-06-26','locahsedyk3@youtube.','dstokeym@histats.com','808-526-6988'),('lorchart49','1uhduO4bB','Laina','Orchart','2007-02-15','lorchart49@about.me','radao2@illinois.edu','404-111-6452'),('lpescudh','npPcBCbgq','Lorita','Pescud','1939-12-25','lpescudh@linkedin.co','cpencoto@weebly.com','645-220-8844'),('lreuvenky','lPKYtVkcp','Leora','Reuven','2009-08-12','lreuvenky@issuu.com','bnurnyb@bluehost.com','988-226-2797'),('lsaltmarshe65','8hokIQ9f','Levy','Saltmarshe','1959-05-23','lsaltmarshe65@studio','stallyn4@spiegel.de','439-820-1902'),('lspoerlog','a3nR4ia3','Leyla','Spoerl','1935-01-03','lspoerlog@bing.com','gketcher5@t.co','677-699-6703'),('ltestinj1','pCQTp5WYQZW','Leontyne','Testin','1942-02-08','ltestinj1@domainmark','stallyn4@spiegel.de','121-675-2757'),('lvallow99','0qUCWK5E','Lanny','Vallow','1939-02-15','lvallow99@joomla.org','mgozzetta@unicef.org','156-548-8984'),('lwinning3','MWCVV70QF','Leicester','Winning','1970-10-03','lwinning3@typepad.co','yjupeh@digg.com','414-721-5316'),('lwitlingap','Wd2YFaN3x','Llywellyn','Witling','1959-01-15','lwitlingap@vistaprin','bbailel@phpbb.com','950-972-5488'),('madincr','Umd3vjFr','Madlin','Adin','2022-04-24','madincr@ft.com','gketcher5@t.co','121-563-3916'),('martindalem6','ZfpHf8Vf','Martie','Artindale','1992-05-06','martindalem6@joomla.','cocrianef@gnu.org','954-749-6854'),('mbaldrick5d','XhR1u9yHR','Marlow','Baldrick','1950-07-31','mbaldrick5d@zimbio.c','bbailel@phpbb.com','180-685-1489'),('mbannister8g','oHvnBdfp','Maurise','Bannister','1927-12-08','mbannister8g@dell.co','dstokeym@histats.com','280-530-4007'),('mbensusankm','ax9vF7','Marlyn','Bensusan','1957-10-25','mbensusankm@amazon.c','radao2@illinois.edu','746-862-9065'),('mbignalldv','mhFgQUO5Y','Maxie','Bignall','1959-10-01','mbignalldv@mapy.cz','gketcher5@t.co','964-768-6375'),('mbloan22','yOWzCm2kOK','Minor','Bloan','1947-12-11','mbloan22@economist.c','mgozzetta@unicef.org','901-113-1608'),('mbluemana','bwIqWNSAe1','Marinna','Blueman','1927-10-28','mbluemana@cam.ac.uk','stallyn4@spiegel.de','454-607-2338'),('mcarnilianpn','lTzaWkz','Moyna','Carnilian','2006-09-28','mcarnilianpn@studiop','cpencoto@weebly.com','507-132-8516'),('mcastagneo2','GQrPJ3IlhODs','Madeleine','Castagne','1981-09-10','mcastagneo2@tuttocit','cocrianef@gnu.org','894-267-1437'),('mcattonnetnz','rGtyb2','Mora','Cattonnet','2020-02-07','mcattonnetnz@seesaa.','kasquithi@amazon.com','586-862-6374'),('mcisson3o','ZlzAThOgVp','Minny','Cisson','1988-12-21','mcisson3o@hatena.ne.','cpencoto@weebly.com','227-220-3002'),('mcloakeh9','huItm4IzYJ','Marylou','Cloake','1987-08-16','mcloakeh9@miibeian.g','mgozzetta@unicef.org','457-910-8691'),('mcongrevegr','8LSkLN0SKxnG','Martica','Congreve','1995-08-10','mcongrevegr@forbes.c','imacneice0@google.de','798-735-1237'),('mdelveql','T3ESXyH6s2','Murdoch','Delve','1936-12-03','mdelveql@blogs.com','stallyn4@spiegel.de','250-105-6471'),('mdemaidot','6uhXBCZm','Marguerite','Demaid','2000-04-06','mdemaidot@wp.com','kasquithi@amazon.com','371-380-6003'),('mdyment33','X3IZajZp','Mavra','Dyment','1972-03-28','mdyment33@netlog.com','lfey7@icq.com','254-290-6609'),('mfortekc','WkIMXHUIAQ','Melba','Forte','1933-07-23','mfortekc@ask.com','pziehm9@cnbc.com','971-237-3536'),('mgernier94','G9d5xlAT53Lc','Moshe','Gernier','2022-11-24','mgernier94@shinystat','stallyn4@spiegel.de','742-829-2082'),('mgilhouleydo','wvq8A3','Matty','Gilhouley','1994-08-06','mgilhouleydo@topsy.c','pziehm9@cnbc.com','516-146-6799'),('mgurnell6j','QHEhunVQdwR','Marilyn','Gurnell','1965-10-22','mgurnell6j@tmall.com','yjupeh@digg.com','188-733-1440'),('mhaggardbx','AwQCZ5WJ','Malanie','Haggard','2020-04-23','mhaggardbx@creativec','gketcher5@t.co','236-737-9043'),('mharesnaperi','HiYASkY','Mattheus','Haresnape','1946-03-17','mharesnaperi@engadge','imacneice0@google.de','399-411-6903'),('mhawthornd','ZfPKmIkxK','Moreen','Hawthorn','1987-01-12','mhawthornd@virginia.','bnurnyb@bluehost.com','821-152-2539'),('mhaynesfordaa','ILB0fVPYi6oX','Marga','Haynesford','2016-05-10','mhaynesfordaa@ted.co','gketcher5@t.co','103-190-9325'),('mhundalee','6K6Fyyo4OhF','Malvina','Hundal','1939-12-12','mhundalee@house.gov','yjupeh@digg.com','601-259-6211'),('minnotmr','GMQ968v0Cb','Marci','Innot','1998-05-27','minnotmr@gizmodo.com','dstokeym@histats.com','154-270-3074'),('mjose0','UrUwg4eAl','Mycah','Jose','1991-04-08','mjose0@census.gov','lfey7@icq.com','979-715-1468'),('mkenwynik','IEBCF8','Myca','Kenwyn','2009-07-25','mkenwynik@dropbox.co','radao2@illinois.edu','955-152-2111'),('mketteman3y','BhKztwy','Maitilde','Ketteman','1981-04-25','mketteman3y@cbsnews.','lfey7@icq.com','238-492-9311'),('mlangstaff7x','Z5MGJo9QOr5K','Mirabel','Langstaff','1944-01-14','mlangstaff7x@washing','lfey7@icq.com','289-548-2580'),('mlindman59','IwpzX4','Morris','Lindman','2006-04-29','mlindman59@dailymoti','cocrianef@gnu.org','146-908-4529'),('mlordji','AXXsR8G3Km','Mercedes','Lord','1932-10-27','mlordji@gravatar.com','bbailel@phpbb.com','988-758-9742'),('mmackiepv','PnPeCn','Mac','Mackie','1964-08-18','mmackiepv@wix.com','yjupeh@digg.com','297-448-9353'),('mmaypes9y','5ALPsbW0T','Missy','Maypes','1953-05-04','mmaypes9y@blogs.com','kasquithi@amazon.com','334-218-4619'),('mmcateer3f','jQO71L','Marcie','McAteer','1981-12-22','mmcateer3f@netvibes.','gketcher5@t.co','394-498-4992'),('mmottinelli2z','isHtp4b','Mandi','Mottinelli','1930-03-29','mmottinelli2z@theglo','afranc1@stanford.edu','109-708-3103'),('mpaslow4n','zQdFPpS','Maryrose','Paslow','1947-07-09','mpaslow4n@hud.gov','stallyn4@spiegel.de','676-185-6128'),('mratnegeat','dKpu2T','Mickey','Ratnege','1938-10-28','mratnegeat@blogtalkr','lfey7@icq.com','149-274-5230'),('mredan1s','3hZzS8','Massimo','Redan','1969-07-30','mredan1s@squidoo.com','stallyn4@spiegel.de','954-819-1006'),('mroylbs','OKy8MI','Marlin','Royl','1981-10-25','mroylbs@biblegateway','stallyn4@spiegel.de','792-216-6627'),('msedgemoreme','RyYN1nCU','Morganica','Sedgemore','1981-05-10','msedgemoreme@utexas.','afranc1@stanford.edu','540-863-4857'),('mshemilt2x','9iNAeP','Maureen','Shemilt','1925-12-20','mshemilt2x@multiply.','imacneice0@google.de','293-552-5439'),('msmidmorehf','BUekda7uYhW0','Matty','Smidmore','1985-02-08','msmidmorehf@redcross','afranc1@stanford.edu','214-412-7275'),('msmithyman41','t4wYpfxfz','Maggi','Smithyman','2021-02-23','msmithyman41@linkedi','dogarag@vkontakte.ru','834-721-8911'),('mteasdalemarkiee8','uyaU2jXe5Z','Margarette','Teasdale-Markie','2005-12-19','mteasdalemarkiee8@mo','stallyn4@spiegel.de','996-905-7211'),('mvaunal','9TlShqi','Maria','Vaun','1962-06-08','mvaunal@bravesites.c','bnurnyb@bluehost.com','114-839-4463'),('mwakes2h','IWL1VP7QmD','Melodee','Wakes','1944-11-14','mwakes2h@github.io','lfey7@icq.com','345-437-9755'),('mwetherald2m','SVdbErj','Maxine','Wetherald','1927-06-01','mwetherald2m@acquire','gketcher5@t.co','226-259-1984'),('nallsobrookdi','TzAJHFTcB7Ry','Noami','Allsobrook','2004-05-30','nallsobrookdi@hp.com','demelinen@upenn.edu','971-972-2398'),('nbauldie','FmkclSTBHpP','Noni','Bauld','2008-04-30','nbauldie@japanpost.j','mgozzetta@unicef.org','424-535-2144'),('nbenoitaz','ZBnji2','Nickie','Benoit','2019-12-29','nbenoitaz@rakuten.co','dstokeym@histats.com','911-443-6875'),('nburdonpf','baFdsjT8c','Nicki','Burdon','1960-06-06','nburdonpf@msn.com','gketcher5@t.co','660-600-9701'),('nburlingameih','cOFlDAGXt5U2','Nerita','Burlingame','1979-10-02','nburlingameih@cisco.','dogarag@vkontakte.ru','850-527-3397'),('ncasinopy','6GADMgX8BX4G','Northrop','Casino','2019-04-19','ncasinopy@indiatimes','cocrianef@gnu.org','928-283-1280'),('ncolombg1','wzMM8bF6vn5','Nata','Colomb','1942-07-22','ncolombg1@tuttocitta','bbailel@phpbb.com','928-539-9383'),('ncorstonr8','K1TvxLkrQ','Nil','Corston','2013-07-26','ncorstonr8@4shared.c','lfey7@icq.com','262-927-7031'),('nfencott5o','UdU8WnH8RjX6','Norbie','Fencott','2011-08-01','nfencott5o@mapy.cz','bnurnyb@bluehost.com','508-941-1052'),('ninglishne','RC8vyM','Naoma','Inglish','2002-02-02','ninglishne@lulu.com','cpencoto@weebly.com','156-338-6371'),('njanad','zWqZda','Nessi','Jan','1939-07-25','njanad@mozilla.com','stallyn4@spiegel.de','213-177-0822'),('nkelshawgi','NGwr4rZWA2im','Nelli','Kelshaw','1969-05-19','nkelshawgi@1und1.de','lfey7@icq.com','548-172-3543'),('nkundertu','fGcCrR','Nichole','Kundert','1922-09-22','nkundertu@prlog.org','pziehm9@cnbc.com','553-115-5153'),('nlangstrathkx','MBRkqb','Nestor','Langstrath','2010-04-07','nlangstrathkx@thegua','demelinen@upenn.edu','672-299-9630'),('nledwithoc','nxzpzS3tjt','Norri','Ledwith','2021-03-09','nledwithoc@gizmodo.c','bnurnyb@bluehost.com','362-211-8944'),('nmatisoffqd','QSQCD4','Ninnette','Matisoff','1985-05-24','nmatisoffqd@yelp.com','pziehm9@cnbc.com','228-435-8828'),('nmaughangc','rekGq34Wwb','Neill','Maughan','2017-07-18','nmaughangc@exblog.jp','imacneice0@google.de','741-203-8462'),('nmichurinbz','YVcMIJHT1lji','Nevin','Michurin','1937-09-10','nmichurinbz@indiatim','dstokeym@histats.com','601-615-4762'),('nmolyneux63','9DdqhE5wA','Nana','Molyneux','2012-08-01','nmolyneux63@soup.io','bbailel@phpbb.com','167-229-4160'),('noldcroft6l','iOSJSPffGQb','Norry','Oldcroft','1974-02-20','noldcroft6l@usa.gov','pziehm9@cnbc.com','683-338-0781'),('npeerlessm8','5ihGmFyMs2xb','Noemi','Peerless','1978-12-23','npeerlessm8@github.i','stallyn4@spiegel.de','736-270-2518'),('npoulsum80','I6MsyAmlu','Nickolai','Poulsum','1998-11-12','npoulsum80@pagespers','imacneice0@google.de','867-807-0809'),('nproudlere7','rTEh3D4iERZs','Nelson','Proudler','1944-06-24','nproudlere7@dion.ne.','gketcher5@t.co','127-666-1051'),('nrideouto','SWDbuRmLYwWd','Nolana','Rideout','1974-08-27','nrideouto@ihg.com','bbailel@phpbb.com','368-158-7602'),('nroloffcw','Q9VUh35s1','Nara','Roloff','1922-08-11','nroloffcw@dyndns.org','cocrianef@gnu.org','711-544-1437'),('nsandyspd','JcYeFsqSsn','Nertie','Sandys','1959-03-18','nsandyspd@state.tx.u','mgozzetta@unicef.org','626-968-9039'),('nscrivinord6','NcLemaAy43','Norma','Scrivinor','1953-02-15','nscrivinord6@tamu.ed','yjupeh@digg.com','991-269-2738'),('nvanthoogju','rt9jChHjK8','Nan','Van T\'Hoog','1980-11-24','nvanthoogju@histats.','pziehm9@cnbc.com','356-502-7814'),('nvilaka','ryWDQ5yz','Newton','Vila','1930-01-12','nvilaka@usa.gov','imacneice0@google.de','731-269-1345'),('obamlett4w','le9NpqwAt','Ollie','Bamlett','1941-01-18','obamlett4w@e-recht24','kasquithi@amazon.com','705-383-3273'),('obedbroughe0','GzqcM4C','Oates','Bedbrough','2008-01-12','obedbroughe0@naver.c','kasquithi@amazon.com','652-963-7926'),('obrady2d','hm9rNI00Z','Olly','Brady','1984-05-24','obrady2d@wiley.com','afranc1@stanford.edu','244-216-3379'),('ocardoe6o','tboUKYaRdfPs','Olag','Cardoe','1977-10-09','ocardoe6o@example.co','gketcher5@t.co','357-461-8265'),('oduthie7m','aMwvCoOkyj','Othilia','Duthie','2013-12-15','oduthie7m@telegraph.','imacneice0@google.de','586-758-0130'),('olamdingf','MmHmqQdqyy','Odette','Lamdin','1976-08-21','olamdingf@sogou.com','stallyn4@spiegel.de','266-860-4609'),('omccurlyebk','RdEBTlr8','Olympia','McCurlye','1962-12-15','omccurlyebk@dell.com','cpencoto@weebly.com','141-940-4122'),('orajchertpw','8gVAWhz','Othella','Rajchert','2018-01-04','orajchertpw@biblegat','afranc1@stanford.edu','850-129-3904'),('ospellworthp4','JNYbbVpJ8MR','Obadiah','Spellworth','2004-02-29','ospellworthp4@vk.com','yjupeh@digg.com','235-886-3039'),('oternault8m','rVD8NB','Omar','Ternault','1997-12-19','oternault8m@gizmodo.','afranc1@stanford.edu','987-168-9405'),('pblooman69','Zl51hZ','Philippine','Blooman','2015-04-29','pblooman69@clickbank','bnurnyb@bluehost.com','528-927-0745'),('pcissen7g','RrMHfV9rE0v','Pam','Cissen','1987-06-19','pcissen7g@skyrock.co','kasquithi@amazon.com','317-699-4549'),('pdecourcyea','UIOs8XCC','Pamella','Decourcy','1948-06-09','pdecourcyea@wikia.co','mgozzetta@unicef.org','549-675-3284'),('pdoverp7','alxx9F','Pris','Dover','1924-10-17','pdoverp7@state.gov','radao2@illinois.edu','358-764-2163'),('pfeldfisherdd','uTejAYM9bUU2','Phil','Feldfisher','1927-10-23','pfeldfisherdd@devhub','radao2@illinois.edu','250-135-3310'),('pfoxcroft1b','R9qBktaQK','Phyllys','Foxcroft','2012-07-09','pfoxcroft1b@thetimes','stallyn4@spiegel.de','895-156-1976'),('pgarerm','GWCuksMLP','Pammie','Gare','1926-09-02','pgarerm@upenn.edu','pziehm9@cnbc.com','392-546-0895'),('pgranvillep6','3PXesWcMm','Pietrek','Granville','1976-01-28','pgranvillep6@npr.org','cocrianef@gnu.org','820-667-5071'),('phryskiewiczd4','gNuVwMgDX','Pavlov','Hryskiewicz','1991-02-04','phryskiewiczd4@zdnet','imacneice0@google.de','549-744-1075'),('pingarfillg9','au9Sf3lEfD8','Percival','Ingarfill','2016-03-27','pingarfillg9@ehow.co','yjupeh@digg.com','975-704-7823'),('pmatushevitzfi','lkqBlFsi','Pru','Matushevitz','2023-01-29','pmatushevitzfi@ed.go','dstokeym@histats.com','688-515-2322'),('pmccuthaisng','30uKvaNb19','Pierce','McCuthais','1978-11-27','pmccuthaisng@mail.ru','pziehm9@cnbc.com','767-256-7276'),('pmullanyo5','xO5vRUMjC','Paddie','Mullany','2001-10-24','pmullanyo5@sphinn.co','stallyn4@spiegel.de','641-843-7626'),('ppugsleyd9','OToV3phXIm','Paco','Pugsley','1963-01-19','ppugsleyd9@domainmar','cocrianef@gnu.org','944-120-6293'),('pscougall2b','8lH3R6HkdE','Patience','Scougall','1995-05-07','pscougall2b@ustream.','cocrianef@gnu.org','389-356-9357'),('pskingley2','mWcU9Rg','Perle','Skingley','1966-12-22','pskingley2@reuters.c','afranc1@stanford.edu','974-265-2176'),('pslocom86','UpGJxNXCn0lv','Paddie','Slocom','2002-05-20','pslocom86@twitter.co','kasquithi@amazon.com','344-740-5236'),('psouthamb4','YZ8s3kWUeit','Putnem','Southam','1983-07-08','psouthamb4@smh.com.a','afranc1@stanford.edu','582-342-2379'),('pwhittersev','uulVch1GiGw','Padgett','Whitters','1960-06-22','pwhittersev@japanpos','stallyn4@spiegel.de','984-288-1302'),('pwiz90','AjnhZb1','Pearl','Wiz','1966-07-06','pwiz90@howstuffworks','dogarag@vkontakte.ru','662-489-2314'),('qpaumierc1','QgiuCvzhzHi3','Quincey','Paumier','1964-09-15','qpaumierc1@github.io','afranc1@stanford.edu','793-923-6325'),('rairds6b','LKyMoD','Row','Airds','1970-01-05','rairds6b@barnesandno','afranc1@stanford.edu','626-995-7349'),('rallmark3d','m5kRX679Q98Z','Regina','Allmark','1986-11-06','rallmark3d@joomla.or','yjupeh@digg.com','649-198-4207'),('rberthel5','ZexM2Ua','Roana','Berthel','2015-09-09','rberthel5@vimeo.com','dstokeym@histats.com','437-975-8610'),('rbullockepg','kfsgpUe7O9r','Rebekah','Bullocke','2019-03-16','rbullockepg@google.c','stallyn4@spiegel.de','325-296-2013'),('rchapiera0','GC9Xlpzxnh','Roddie','Chapier','1966-04-23','rchapiera0@hud.gov','dogarag@vkontakte.ru','522-386-0497'),('rchippeh','IKQypVA','Roselin','Chipp','1964-11-21','rchippeh@bluehost.co','demelinen@upenn.edu','958-114-4220'),('rdancerli','mysf2iTKy','Rowena','Dancer','1998-12-16','rdancerli@walmart.co','lfey7@icq.com','967-145-0652'),('rdefreitasqj','oftSCfAf','Rosalynd','De Freitas','1950-10-30','rdefreitasqj@latimes','bbailel@phpbb.com','362-604-4853'),('rgiacobillolw','jUk79K','Reiko','Giacobillo','1947-11-17','rgiacobillolw@baidu.','demelinen@upenn.edu','324-157-4028'),('rhatchellgq','8AM9KQj1','Roseanna','Hatchell','1992-03-05','rhatchellgq@behance.','dstokeym@histats.com','556-797-3047'),('rhelliaroh','CNcAv3','Rosabelle','Helliar','1964-07-05','rhelliaroh@tiny.cc','afranc1@stanford.edu','192-146-5845'),('rhurnear','n1rx4mTL','Robinia','Hurne','1956-09-26','rhurnear@narod.ru','pziehm9@cnbc.com','404-399-8728'),('rjacobsen3n','lz7KqDar','Rudiger','Jacobsen','1969-08-22','rjacobsen3n@icq.com','imacneice0@google.de','727-101-5895'),('rjerromepz','8bsKqmrKuOC2','Rustie','Jerrome','1987-05-23','rjerromepz@ow.ly','dogarag@vkontakte.ru','909-799-1630'),('rjeskelc','1zs7TxZo','Randie','Jeske','1942-11-19','rjeskelc@sina.com.cn','dstokeym@histats.com','699-271-9908'),('rlabatie29','sBDIKsfUL','Robena','La Batie','1999-08-03','rlabatie29@desdev.cn','bnurnyb@bluehost.com','544-564-6470'),('rlangerenag','mCLGUlp3LXHv','Rodger','Langeren','1941-06-14','rlangerenag@oakley.c','radao2@illinois.edu','499-738-4416'),('rledstonecg','Mw7PXm888kd','Rodolphe','Ledstone','2005-10-21','rledstonecg@live.com','demelinen@upenn.edu','379-739-6732'),('rlenzj5','jD2S6gh','Rici','Lenz','2002-01-29','rlenzj5@alexa.com','kasquithi@amazon.com','470-109-8866'),('rmacintosh38','hPFN03I','Rosalie','MacIntosh','1960-04-06','rmacintosh38@archive','demelinen@upenn.edu','337-610-5772'),('rmagern','KdjA4t','Roz','Mager','1955-03-18','rmagern@pcworld.com','gketcher5@t.co','122-596-3617'),('rmation83','1ty6c4TYNae','Ray','Mation','1979-06-11','rmation83@ustream.tv','gketcher5@t.co','803-579-8363'),('rmcauslane3','NkocWz4','Ringo','McAuslan','1941-04-21','rmcauslane3@weebly.c','dogarag@vkontakte.ru','162-956-0109'),('rmcgonnelli4','pWHpqq','Rahal','McGonnell','1965-07-04','rmcgonnelli4@usnews.','bnurnyb@bluehost.com','928-621-1855'),('rmecozzil4','fF8AsITWtCED','Rinaldo','Mecozzi','1996-11-09','rmecozzil4@amazon.co','cocrianef@gnu.org','655-873-2923'),('rmowlesbm','kgRx7OFVwjtk','Russell','Mowles','1926-05-16','rmowlesbm@opensource','gketcher5@t.co','213-978-4357'),('rplumridge4t','V79YOPL','Roshelle','Plumridge','1960-04-09','rplumridge4t@cnbc.co','mgozzetta@unicef.org','962-639-4602'),('rpremblehn','ghEavLqme7','Roseanne','Premble','1949-01-07','rpremblehn@wisc.edu','kasquithi@amazon.com','785-499-7349'),('rprosh5a','RvLC3Roewz5','Ruby','Prosh','1949-02-26','rprosh5a@dion.ne.jp','dstokeym@histats.com','182-195-5949'),('rrangle3s','CEh9Goz','Ritchie','Rangle','1951-07-30','rrangle3s@zimbio.com','kasquithi@amazon.com','132-696-7892'),('rrisboroughmm','OKvHlEt','Rosette','Risborough','2018-12-12','rrisboroughmm@chicag','dogarag@vkontakte.ru','622-663-4637'),('rrosencrantzh3','QJtCbozq8V','Ritchie','Rosencrantz','1932-09-14','rrosencrantzh3@exblo','afranc1@stanford.edu','980-715-3915'),('rsowman3x','2STsv2','Rhea','Sowman','1955-09-20','rsowman3x@irs.gov','mgozzetta@unicef.org','517-745-3015'),('rstrussg4','LGURWDq','Rosanna','Struss','1977-01-21','rstrussg4@virginia.e','bnurnyb@bluehost.com','779-228-7525'),('rtamburov','GN9rGGZb57','Rafaela','Tamburo','1976-09-27','rtamburov@time.com','dogarag@vkontakte.ru','813-177-2937'),('rterrelly8i','osxJXD1n1O3','Robinet','Terrelly','1932-11-27','rterrelly8i@surveymo','gketcher5@t.co','450-289-2021'),('rtilte60','n7b1H5A','Rickey','Tilte','2009-04-27','rtilte60@dion.ne.jp','dstokeym@histats.com','123-461-7968'),('rtomkowicz17','WMhnPvc6Jft','Robb','Tomkowicz','1937-06-21','rtomkowicz17@postero','dstokeym@histats.com','425-360-6450'),('rtreacy87','1O9ayGm63','Read','Treacy','1991-01-06','rtreacy87@japanpost.','cpencoto@weebly.com','272-923-7617'),('rupstone76','ZwISlwr','Rutledge','Upstone','1965-11-11','rupstone76@gizmodo.c','dogarag@vkontakte.ru','206-626-2016'),('saizikovkn','bNKH8V9Ax','Sherwynd','Aizikov','1925-04-23','saizikovkn@skype.com','lfey7@icq.com','417-303-7993'),('sandreacciaw','lI4MN6i4UgI','Sherry','Andreacci','1989-03-15','sandreacciaw@devhub.','yjupeh@digg.com','808-512-8335'),('sassong6','9duUHrmiK','Shoshana','Asson','2005-02-20','sassong6@techcrunch.','afranc1@stanford.edu','745-821-8240'),('sbazelle2l','pjMIgRp','Siward','Bazelle','2003-04-12','sbazelle2l@google.fr','demelinen@upenn.edu','759-472-0442'),('sbeldingn5','bDMqsJCnF','Sharron','Belding','2011-07-08','sbeldingn5@ameblo.jp','demelinen@upenn.edu','676-107-4740'),('sblacklerf1','VLLuqg','Sibel','Blackler','1952-07-29','sblacklerf1@netscape','afranc1@stanford.edu','396-903-5855'),('sbolusqn','zPGQV3Ozgl','Silvano','Bolus','2008-04-26','sbolusqn@bloomberg.c','dstokeym@histats.com','128-145-1636'),('sbracknall6z','AO3Tf44','Sholom','Bracknall','1970-12-27','sbracknall6z@oakley.','mgozzetta@unicef.org','532-665-7404'),('sburrelldr','c0NIXgzvRh','Siobhan','Burrell','1973-09-08','sburrelldr@google.ru','afranc1@stanford.edu','782-572-0380'),('scandlinn0','BeadZbKFAl','Sansone','Candlin','1970-10-22','scandlinn0@youtu.be','stallyn4@spiegel.de','537-898-6517'),('schinery4p','8RbJzYcUMG4e','Sammie','Chinery','1939-09-20','schinery4p@purevolum','yjupeh@digg.com','322-774-3300'),('sciccone8l','LKbCxbO','Sylvia','Ciccone','1925-11-12','sciccone8l@gnu.org','imacneice0@google.de','340-656-7964'),('scockshootd3','rnQrL8s0Mkf','Stafani','Cockshoot','1997-06-06','scockshootd3@livejou','mgozzetta@unicef.org','645-488-3654'),('sdecleenoi','OdJkjGI','Si','De Cleen','1956-07-02','sdecleenoi@gov.uk','pziehm9@cnbc.com','867-602-7003'),('sdellentyjm','D5CA20mnpKD9','Shannah','Dellenty','1938-01-08','sdellentyjm@geocitie','cocrianef@gnu.org','260-551-6172'),('sduseybt','0QlPVN27ua','Saul','Dusey','1989-01-29','sduseybt@tuttocitta.','pziehm9@cnbc.com','228-520-6647'),('sedmenson8p','yWM77J8mV','Salvador','Edmenson','1949-11-22','sedmenson8p@microsof','yjupeh@digg.com','311-165-1640'),('sflorentineeb','qWVqJuTtFB4','Shantee','Florentine','1924-09-29','sflorentineeb@symant','pziehm9@cnbc.com','884-528-8008'),('sgiacaponipt','lRK554','Salaidh','Giacaponi','1942-08-10','sgiacaponipt@weather','dstokeym@histats.com','516-182-7073'),('sgrigoroni2g','Z9OWVA1','Skelly','Grigoroni','1985-02-05','sgrigoroni2g@wufoo.c','pziehm9@cnbc.com','608-223-9434'),('sguerraai','RgPvfSU','Sadie','Guerra','1927-01-13','sguerraai@google.co.','gketcher5@t.co','204-936-6630'),('sgytesham6s','9NsBOh0H9','Sybil','Gytesham','1962-09-09','sgytesham6s@qq.com','mgozzetta@unicef.org','382-968-0008'),('shelleckas1u','8f6lNY','Skip','Helleckas','2010-01-14','shelleckas1u@lycos.c','kasquithi@amazon.com','655-799-7123'),('shourigan8j','rMRk0B1JN6j','Shanta','Hourigan','1980-01-05','shourigan8j@nsw.gov.','bbailel@phpbb.com','723-473-6887'),('sicoml','I8UzyTwFa','Stacy','Icom','1979-03-02','sicoml@usda.gov','mgozzetta@unicef.org','638-967-0804'),('sjasiak2s','P2rPVXYMHZ','Seward','Jasiak','1967-06-03','sjasiak2s@tumblr.com','bbailel@phpbb.com','531-325-1434'),('slaveryl2','mEWWsrYy','Salmon','Lavery','1961-07-06','slaveryl2@dagondesig','stallyn4@spiegel.de','486-878-6269'),('slomath72','1gUGbt5tY','Staffard','Lomath','2019-08-11','slomath72@dell.com','cpencoto@weebly.com','751-571-7556'),('smateihr','uxrk2gf','Stanfield','Matei','1991-03-18','smateihr@delicious.c','gketcher5@t.co','829-600-9442'),('spagitt4s','rBRVIEi','Suellen','Pagitt','1974-12-06','spagitt4s@merriam-we','afranc1@stanford.edu','697-801-7331'),('sphilippeauxnv','39u90R5kmNHP','Sharity','Philippeaux','2018-01-03','sphilippeauxnv@meetu','pziehm9@cnbc.com','293-187-4383'),('spillingfy','M3xTiE','Sibby','Pilling','1964-11-20','spillingfy@wp.com','dogarag@vkontakte.ru','940-562-9509'),('spinneya9','mv3T1X','Smith','Pinney','1961-02-04','spinneya9@storify.co','bbailel@phpbb.com','281-310-9980'),('splankrc','96i0aC','Shannen','Plank','2014-11-15','splankrc@blogger.com','cpencoto@weebly.com','791-706-6590'),('splewman9j','Ps2GU8','Stacee','Plewman','2011-06-23','splewman9j@msu.edu','cpencoto@weebly.com','262-286-6226'),('sprandihc','aeGnQiqMPN','Saxon','Prandi','1933-11-07','sprandihc@live.com','radao2@illinois.edu','225-800-2634'),('sreedersmc','hWk4liCk','Saloma','Reeders','1999-06-06','sreedersmc@springer.','kasquithi@amazon.com','166-386-9563'),('sroadknight6d','xggJc70NvDex','Sidonia','Roadknight','1974-08-26','sroadknight6d@va.gov','cocrianef@gnu.org','418-360-9933'),('stanslyod','7abrgf','Sally','Tansly','1928-07-06','stanslyod@newyorker.','mgozzetta@unicef.org','330-806-5503'),('stieraney4o','JV4dsDOIaW','Saunderson','Tieraney','1950-09-19','stieraney4o@photobuc','demelinen@upenn.edu','732-351-7079'),('takast28','4MqSBxdU9X8','Tynan','Akast','1996-07-24','takast28@squarespace','stallyn4@spiegel.de','869-526-7659'),('talderwick6q','M097L3ewmY','Trudy','Alderwick','1954-08-05','talderwick6q@chronoe','imacneice0@google.de','564-393-6368'),('tattleeqm','BO8dvq9U','Tandie','Attlee','2022-05-15','tattleeqm@usgs.gov','afranc1@stanford.edu','851-104-6402'),('tbaszniakhy','agjuHU','Tad','Baszniak','1937-08-18','tbaszniakhy@timesonl','pziehm9@cnbc.com','160-238-8929'),('tbiaggifp','VLn6jJjKCkT','Thedric','Biaggi','1960-06-19','tbiaggifp@slate.com','demelinen@upenn.edu','450-420-8424'),('tcameratihm','GeP7mD','Tallia','Camerati','2003-11-18','tcameratihm@tuttocit','bbailel@phpbb.com','214-573-4009'),('tcoate9q','Rx7ZbP9PxX','Tedd','Coate','2019-08-29','tcoate9q@geocities.j','demelinen@upenn.edu','190-275-6938'),('tdeverellkr','gwZktcbK2rr','Townie','Deverell','1978-04-16','tdeverellkr@columbia','gketcher5@t.co','493-736-0463'),('tdunseathje','xRoaOhLIfTy','Titos','Dunseath','1967-03-10','tdunseathje@newyorke','imacneice0@google.de','781-266-8430'),('tferryop','ZNWPKYknkGg9','Tate','Ferry','1952-12-12','tferryop@gnu.org','dstokeym@histats.com','807-185-9196'),('tgaskall2o','0KjqL0V1O','Tabbi','Gaskall','1957-06-01','tgaskall2o@chron.com','mgozzetta@unicef.org','682-453-9318'),('tgibke3w','Yacoq4e3fh67','Terrill','Gibke','1926-07-27','tgibke3w@guardian.co','gketcher5@t.co','110-907-9448'),('tgilligan55','qpJf7c8ZXn','Teriann','Gilligan','2002-12-29','tgilligan55@theatlan','bnurnyb@bluehost.com','621-688-7001'),('thesse1l','ZDYavc','Terra','Hesse','1926-05-24','thesse1l@php.net','lfey7@icq.com','819-137-7746'),('thurry48','PtqOUvmF','Tessy','Hurry','1948-10-13','thurry48@flavors.me','lfey7@icq.com','847-829-0403'),('tkensingtonmx','ujtXqX','Talia','Kensington','1962-02-01','tkensingtonmx@mit.ed','gketcher5@t.co','546-482-7173'),('tkilianl8','sNe7slyYP2','Tommie','Kilian','1942-07-17','tkilianl8@list-manag','dogarag@vkontakte.ru','908-170-1762'),('tleerms','aaNEh5U7J96','Tani','Leer','1951-06-05','tleerms@ebay.com','demelinen@upenn.edu','126-399-9393'),('tmacdonough89','96FmcLkgOe0B','Trina','MacDonough','1932-06-24','tmacdonough89@apache','mgozzetta@unicef.org','726-983-4220'),('tmattiaccijl','nQB6SxW','Travus','Mattiacci','1988-05-04','tmattiaccijl@army.mi','mgozzetta@unicef.org','148-409-2072'),('tmccallionb2','VCGbSeOc8G','Tiebold','McCallion','1962-03-22','tmccallionb2@marriot','stallyn4@spiegel.de','426-553-5498'),('tmcilheranf5','rBzp0CQK','Tonya','McIlheran','2013-12-25','tmcilheranf5@ft.com','mgozzetta@unicef.org','947-805-9302'),('tmcilrath9v','UQCRQZU','Tana','McIlrath','1998-04-21','tmcilrath9v@ihg.com','pziehm9@cnbc.com','796-880-9129'),('tmckerronhu','3ZAB7UCi6caV','Theodoric','McKerron','1965-12-18','tmckerronhu@123-reg.','mgozzetta@unicef.org','907-151-0035'),('tmeardon1m','W1BcO4Kx','Travis','Meardon','1943-07-03','tmeardon1m@irs.gov','yjupeh@digg.com','560-141-3318'),('tmuckiand2','5RuzhRRG5Nms','Twyla','Muckian','1969-10-27','tmuckiand2@home.pl','kasquithi@amazon.com','205-217-2199'),('tphette2e','cXNBimo0Kli5','Tait','Phette','1922-05-02','tphette2e@columbia.e','dogarag@vkontakte.ru','371-169-9761'),('tpitway7f','V0aJCthpAR3','Tremain','Pitway','1969-11-23','tpitway7f@mashable.c','stallyn4@spiegel.de','683-950-1380'),('tshoute7n','p97dtX1HJeH','Timotheus','Shoute','1953-03-24','tshoute7n@rambler.ru','dstokeym@histats.com','306-696-1616'),('tsinnatic','qgbQeLmncPI4','Tatiana','Sinnat','1938-08-25','tsinnatic@tripod.com','dstokeym@histats.com','914-139-5283'),('tstack2a','SvWH63','Thacher','Stack','2015-10-02','tstack2a@sphinn.com','bbailel@phpbb.com','527-282-9287'),('ttolemangd','swiAs5RS49','Tye','Toleman','1932-06-09','ttolemangd@narod.ru','dogarag@vkontakte.ru','820-126-3806'),('twellings1v','htSvXXLsGzZ','Tara','Wellings','1986-03-23','twellings1v@edublogs','demelinen@upenn.edu','584-694-9319'),('ufairhame6','2Gs792t3','Umeko','Fairham','1933-03-09','ufairhame6@accuweath','cpencoto@weebly.com','411-888-6760'),('ugullanix','0gB0lPhW7x9','Uriah','Gullan','2007-02-09','ugullanix@usatoday.c','cocrianef@gnu.org','858-555-6169'),('vcroosekl','dAvPYp','Valerye','Croose','1987-01-22','vcroosekl@mapy.cz','cocrianef@gnu.org','767-597-1009'),('vfarrants5k','xWYwu8t','Vaughan','Farrants','1990-08-18','vfarrants5k@mayoclin','afranc1@stanford.edu','793-388-3441'),('vgovinlockb9','qkJ0H7gAvluH','Virgilio','Govinlock','2017-04-14','vgovinlockb9@mayocli','bbailel@phpbb.com','738-997-1560'),('vhemblingei','AMXxsZ','Viole','Hembling','1975-09-09','vhemblingei@stanford','afranc1@stanford.edu','217-219-6951'),('vliddencl','a3iBhWLeTva','Virgil','Lidden','1999-12-21','vliddencl@g.co','afranc1@stanford.edu','605-809-9207'),('vmckeaon','XiCR5QBU','Viv','McKea','1936-06-02','vmckeaon@discuz.net','stallyn4@spiegel.de','696-322-7215'),('vpauli4k','Vk0lsTx','Vitia','Pauli','1973-06-19','vpauli4k@upenn.edu','imacneice0@google.de','670-782-4504'),('vpenniallki','1sbVWeFM','Valentia','Penniall','1930-12-27','vpenniallki@dion.ne.','bbailel@phpbb.com','262-610-6638'),('vromanski7d','wMOy2s','Vitia','Romanski','1929-01-15','vromanski7d@nyu.edu','bnurnyb@bluehost.com','100-802-4712'),('vspuriermn','geU1SuZ','Veriee','Spurier','1923-03-27','vspuriermn@nyu.edu','mgozzetta@unicef.org','959-729-9159'),('vswitlandf6','KScapVR','Viviyan','Switland','1938-05-11','vswitlandf6@examiner','lfey7@icq.com','860-158-1396'),('vtanseymk','nudRGixJoU','Vasily','Tansey','1977-05-18','vtanseymk@acquirethi','cocrianef@gnu.org','827-742-0522'),('vtunacliftl1','zAAYEoQ7bQPW','Virgilio','Tunaclift','2005-01-31','vtunacliftl1@bizjour','afranc1@stanford.edu','975-418-7523'),('vvaneyr','eKXswfTooUh','Valle','Vaney','2018-02-04','vvaneyr@ebay.co.uk','imacneice0@google.de','950-801-2711'),('vvigiettidt','JzNVCVfw','Von','Vigietti','1963-10-07','vvigiettidt@qq.com','stallyn4@spiegel.de','269-156-8168'),('wburberryci','UFxgOGY','Wolf','Burberry','1973-03-09','wburberryci@weibo.co','lfey7@icq.com','516-767-2665'),('wbutteris16','FuRrxSWxFu','Waly','Butteris','1996-02-13','wbutteris16@prlog.or','bbailel@phpbb.com','652-480-7100'),('wcollyeriw','RExfloO9DjgP','Walliw','Collyer','1935-12-04','wcollyeriw@woothemes','demelinen@upenn.edu','363-754-8432'),('whandoverah','IXXPF1J','Wald','Handover','2021-05-14','whandoverah@blogger.','afranc1@stanford.edu','557-721-6426'),('wkenderbn','0PByqxxp','Wadsworth','Kender','1954-01-10','wkenderbn@slideshare','mgozzetta@unicef.org','564-118-0295'),('wmostonfs','fVStmnLt','Willa','Moston','1958-12-06','wmostonfs@google.com','imacneice0@google.de','910-617-8128'),('wsaywood5u','bEqcQpnKWb','Weider','Saywood','1974-11-06','wsaywood5u@vimeo.com','dogarag@vkontakte.ru','847-698-8987'),('wsemmenceox','4yszIoTS','Webster','Semmence','1978-07-26','wsemmenceox@geocitie','radao2@illinois.edu','345-746-4625'),('wspinneyd8','yciZAi9Kkyh','Waylen','Spinney','2019-02-11','wspinneyd8@sourcefor','mgozzetta@unicef.org','754-929-9522'),('wstonhouse1z','J8Lj5orCkJ0','Wat','Stonhouse','1957-10-18','wstonhouse1z@fda.gov','radao2@illinois.edu','245-151-5015'),('wwilloughby5q','C2IHJDgSp8','Wolfgang','Willoughby','1950-02-27','wwilloughby5q@wisc.e','imacneice0@google.de','136-364-5671'),('yferenccp','xcEj4DQUXm0i','Yolanthe','Ferenc','2015-03-30','yferenccp@csmonitor.','stallyn4@spiegel.de','599-864-2709'),('yuttleyil','5w8mAB','Yovonnda','Uttley','2001-07-13','yuttleyil@nsw.gov.au','bbailel@phpbb.com','468-670-3536'),('zwanstall3c','qeA4jSzufW','Zora','Wanstall','1926-04-12','zwanstall3c@cbslocal','dstokeym@histats.com','302-728-9821');
/*!40000 ALTER TABLE `Layman Patients` ENABLE KEYS */;

--
-- Table structure for table `Medications`
--

/*!40101 SET @saved_cs_client     = @@character_set_client */;
/*!50503 SET character_set_client = utf8mb4 */;
CREATE TABLE `Medications` (
  `MName` varchar(50) NOT NULL,
  `Description` mediumtext,
  `EdInfo` mediumtext,
  PRIMARY KEY (`MName`)
) ENGINE=InnoDB DEFAULT CHARSET=utf8mb4 COLLATE=utf8mb4_0900_ai_ci;
/*!40101 SET character_set_client = @saved_cs_client */;

--
-- Dumping data for table `Medications`
--

/*!40000 ALTER TABLE `Medications` DISABLE KEYS */;
INSERT INTO `Medications` VALUES ('aluminum hydroxide, magnesium hydroxide, dimethico','Maecenas tristique, est et tempus semper, est quam pharetra magna, ac consequat metus sapien ut nunc. Vestibulum ante ipsum primis in faucibus orci luctus et ultrices posuere cubilia Curae; Mauris viverra diam vitae quam. Suspendisse potenti.','Maecenas leo odio, condimentum id, luctus nec, molestie sed, justo. Pellentesque viverra pede ac diam. Cras pellentesque volutpat dui.\n\nMaecenas tristique, est et tempus semper, est quam pharetra magna, ac consequat metus sapien ut nunc. Vestibulum ante ipsum primis in faucibus orci luctus et ultrices posuere cubilia Curae; Mauris viverra diam vitae quam. Suspendisse potenti.'),('Amitriptyline Hydrochloride','Duis consequat dui nec nisi volutpat eleifend. Donec ut dolor. Morbi vel lectus in quam fringilla rhoncus.','Maecenas leo odio, condimentum id, luctus nec, molestie sed, justo. Pellentesque viverra pede ac diam. Cras pellentesque volutpat dui.\n\nMaecenas tristique, est et tempus semper, est quam pharetra magna, ac consequat metus sapien ut nunc. Vestibulum ante ipsum primis in faucibus orci luctus et ultrices posuere cubilia Curae; Mauris viverra diam vitae quam. Suspendisse potenti.\n\nNullam porttitor lacus at turpis. Donec posuere metus vitae ipsum. Aliquam non mauris.'),('Aralia quinquefolia, Glycyrrhiza, Sarsaparilla, Av','Vestibulum ac est lacinia nisi venenatis tristique. Fusce congue, diam id ornare imperdiet, sapien urna pretium nisl, ut volutpat sapien arcu sed augue. Aliquam erat volutpat.','Duis aliquam convallis nunc. Proin at turpis a pede posuere nonummy. Integer non velit.\n\nDonec diam neque, vestibulum eget, vulputate ut, ultrices vel, augue. Vestibulum ante ipsum primis in faucibus orci luctus et ultrices posuere cubilia Curae; Donec pharetra, magna vestibulum aliquet ultrices, erat tortor sollicitudin mi, sit amet lobortis sapien sapien non mi. Integer ac neque.'),('Asafetida, Crataegus Fruit, Lycopus Virginicus and','Pellentesque at nulla. Suspendisse potenti. Cras in purus eu magna vulputate luctus.','In quis justo. Maecenas rhoncus aliquam lacus. Morbi quis tortor id nulla ultrices aliquet.\n\nMaecenas leo odio, condimentum id, luctus nec, molestie sed, justo. Pellentesque viverra pede ac diam. Cras pellentesque volutpat dui.\n\nMaecenas tristique, est et tempus semper, est quam pharetra magna, ac consequat metus sapien ut nunc. Vestibulum ante ipsum primis in faucibus orci luctus et ultrices posuere cubilia Curae; Mauris viverra diam vitae quam. Suspendisse potenti.'),('Aspirin','Etiam vel augue. Vestibulum rutrum rutrum neque. Aenean auctor gravida sem.','In quis justo. Maecenas rhoncus aliquam lacus. Morbi quis tortor id nulla ultrices aliquet.\n\nMaecenas leo odio, condimentum id, luctus nec, molestie sed, justo. Pellentesque viverra pede ac diam. Cras pellentesque volutpat dui.\n\nMaecenas tristique, est et tempus semper, est quam pharetra magna, ac consequat metus sapien ut nunc. Vestibulum ante ipsum primis in faucibus orci luctus et ultrices posuere cubilia Curae; Mauris viverra diam vitae quam. Suspendisse potenti.'),('AVOBENZONE, HOMOSALATE, OCTISALATE, OCTOCRYLENE OX','Proin interdum mauris non ligula pellentesque ultrices. Phasellus id sapien in sapien iaculis congue. Vivamus metus arcu, adipiscing molestie, hendrerit at, vulputate vitae, nisl.','Proin leo odio, porttitor id, consequat in, consequat ut, nulla. Sed accumsan felis. Ut at dolor quis odio consequat varius.\n\nInteger ac leo. Pellentesque ultrices mattis odio. Donec vitae nisi.'),('BENZOIC ACID, COLCHICUM AUTUMNALE BULB, SULFUR, AR','Praesent id massa id nisl venenatis lacinia. Aenean sit amet justo. Morbi ut odio.','Phasellus sit amet erat. Nulla tempus. Vivamus in felis eu sapien cursus vestibulum.\n\nProin eu mi. Nulla ac enim. In tempor, turpis nec euismod scelerisque, quam turpis adipiscing lorem, vitae mattis nibh ligula nec sem.\n\nDuis aliquam convallis nunc. Proin at turpis a pede posuere nonummy. Integer non velit.'),('Celecoxib','In sagittis dui vel nisl. Duis ac nibh. Fusce lacus purus, aliquet at, feugiat non, pretium quis, lectus.','Quisque id justo sit amet sapien dignissim vestibulum. Vestibulum ante ipsum primis in faucibus orci luctus et ultrices posuere cubilia Curae; Nulla dapibus dolor vel est. Donec odio justo, sollicitudin ut, suscipit a, feugiat et, eros.\n\nVestibulum ac est lacinia nisi venenatis tristique. Fusce congue, diam id ornare imperdiet, sapien urna pretium nisl, ut volutpat sapien arcu sed augue. Aliquam erat volutpat.'),('Conium maculatum, Natrium muriaticum, Ruta graveol','Duis consequat dui nec nisi volutpat eleifend. Donec ut dolor. Morbi vel lectus in quam fringilla rhoncus.','Cras mi pede, malesuada in, imperdiet et, commodo vulputate, justo. In blandit ultrices enim. Lorem ipsum dolor sit amet, consectetuer adipiscing elit.\n\nProin interdum mauris non ligula pellentesque ultrices. Phasellus id sapien in sapien iaculis congue. Vivamus metus arcu, adipiscing molestie, hendrerit at, vulputate vitae, nisl.'),('Etomidate','Integer ac leo. Pellentesque ultrices mattis odio. Donec vitae nisi.','Fusce consequat. Nulla nisl. Nunc nisl.\n\nDuis bibendum, felis sed interdum venenatis, turpis enim blandit mi, in porttitor pede justo eu massa. Donec dapibus. Duis at velit eu est congue elementum.'),('Fluoxetine','In quis justo. Maecenas rhoncus aliquam lacus. Morbi quis tortor id nulla ultrices aliquet.','Aenean fermentum. Donec ut mauris eget massa tempor convallis. Nulla neque libero, convallis eget, eleifend luctus, ultricies eu, nibh.\n\nQuisque id justo sit amet sapien dignissim vestibulum. Vestibulum ante ipsum primis in faucibus orci luctus et ultrices posuere cubilia Curae; Nulla dapibus dolor vel est. Donec odio justo, sollicitudin ut, suscipit a, feugiat et, eros.'),('Glipizide and Metformin Hydrochloride','Aliquam quis turpis eget elit sodales scelerisque. Mauris sit amet eros. Suspendisse accumsan tortor quis turpis.','Integer tincidunt ante vel ipsum. Praesent blandit lacinia erat. Vestibulum sed magna at nunc commodo placerat.\n\nPraesent blandit. Nam nulla. Integer pede justo, lacinia eget, tincidunt eget, tempus vel, pede.'),('guaifenesin','In hac habitasse platea dictumst. Morbi vestibulum, velit id pretium iaculis, diam erat fermentum justo, nec condimentum neque sapien placerat ante. Nulla justo.','Morbi non lectus. Aliquam sit amet diam in magna bibendum imperdiet. Nullam orci pede, venenatis non, sodales sed, tincidunt eu, felis.\n\nFusce posuere felis sed lacus. Morbi sem mauris, laoreet ut, rhoncus aliquet, pulvinar sed, nisl. Nunc rhoncus dui vel sem.\n\nSed sagittis. Nam congue, risus semper porta volutpat, quam pede lobortis ligula, sit amet eleifend pede libero quis orci. Nullam molestie nibh in lectus.'),('Ibuprofen','Praesent id massa id nisl venenatis lacinia. Aenean sit amet justo. Morbi ut odio.','In hac habitasse platea dictumst. Etiam faucibus cursus urna. Ut tellus.\n\nNulla ut erat id mauris vulputate elementum. Nullam varius. Nulla facilisi.\n\nCras non velit nec nisi vulputate nonummy. Maecenas tincidunt lacus at velit. Vivamus vel nulla eget eros elementum pellentesque.'),('Isopropyl Alcohol','Praesent blandit. Nam nulla. Integer pede justo, lacinia eget, tincidunt eget, tempus vel, pede.','Morbi porttitor lorem id ligula. Suspendisse ornare consequat lectus. In est risus, auctor sed, tristique in, tempus sit amet, sem.\n\nFusce consequat. Nulla nisl. Nunc nisl.\n\nDuis bibendum, felis sed interdum venenatis, turpis enim blandit mi, in porttitor pede justo eu massa. Donec dapibus. Duis at velit eu est congue elementum.'),('Isosorbide Dinitrate','In hac habitasse platea dictumst. Morbi vestibulum, velit id pretium iaculis, diam erat fermentum justo, nec condimentum neque sapien placerat ante. Nulla justo.','In quis justo. Maecenas rhoncus aliquam lacus. Morbi quis tortor id nulla ultrices aliquet.\n\nMaecenas leo odio, condimentum id, luctus nec, molestie sed, justo. Pellentesque viverra pede ac diam. Cras pellentesque volutpat dui.'),('Lamivudine','Etiam vel augue. Vestibulum rutrum rutrum neque. Aenean auctor gravida sem.','Phasellus in felis. Donec semper sapien a libero. Nam dui.\n\nProin leo odio, porttitor id, consequat in, consequat ut, nulla. Sed accumsan felis. Ut at dolor quis odio consequat varius.\n\nInteger ac leo. Pellentesque ultrices mattis odio. Donec vitae nisi.'),('mercaptopurine','Etiam vel augue. Vestibulum rutrum rutrum neque. Aenean auctor gravida sem.','Proin interdum mauris non ligula pellentesque ultrices. Phasellus id sapien in sapien iaculis congue. Vivamus metus arcu, adipiscing molestie, hendrerit at, vulputate vitae, nisl.\n\nAenean lectus. Pellentesque eget nunc. Donec quis orci eget orci vehicula condimentum.\n\nCurabitur in libero ut massa volutpat convallis. Morbi odio odio, elementum eu, interdum eu, tincidunt in, leo. Maecenas pulvinar lobortis est.'),('Nicotine polacrilex','Morbi non lectus. Aliquam sit amet diam in magna bibendum imperdiet. Nullam orci pede, venenatis non, sodales sed, tincidunt eu, felis.','Praesent blandit. Nam nulla. Integer pede justo, lacinia eget, tincidunt eget, tempus vel, pede.\n\nMorbi porttitor lorem id ligula. Suspendisse ornare consequat lectus. In est risus, auctor sed, tristique in, tempus sit amet, sem.\n\nFusce consequat. Nulla nisl. Nunc nisl.'),('Norethindrone Acetate and Ethinyl Estradiol','Duis consequat dui nec nisi volutpat eleifend. Donec ut dolor. Morbi vel lectus in quam fringilla rhoncus.','Suspendisse potenti. In eleifend quam a odio. In hac habitasse platea dictumst.\n\nMaecenas ut massa quis augue luctus tincidunt. Nulla mollis molestie lorem. Quisque ut erat.\n\nCurabitur gravida nisi at nibh. In hac habitasse platea dictumst. Aliquam augue quam, sollicitudin vitae, consectetuer eget, rutrum at, lorem.'),('Petrolatum','Duis aliquam convallis nunc. Proin at turpis a pede posuere nonummy. Integer non velit.','Fusce consequat. Nulla nisl. Nunc nisl.\n\nDuis bibendum, felis sed interdum venenatis, turpis enim blandit mi, in porttitor pede justo eu massa. Donec dapibus. Duis at velit eu est congue elementum.\n\nIn hac habitasse platea dictumst. Morbi vestibulum, velit id pretium iaculis, diam erat fermentum justo, nec condimentum neque sapien placerat ante. Nulla justo.'),('SENNA','Maecenas tristique, est et tempus semper, est quam pharetra magna, ac consequat metus sapien ut nunc. Vestibulum ante ipsum primis in faucibus orci luctus et ultrices posuere cubilia Curae; Mauris viverra diam vitae quam. Suspendisse potenti.','Cras mi pede, malesuada in, imperdiet et, commodo vulputate, justo. In blandit ultrices enim. Lorem ipsum dolor sit amet, consectetuer adipiscing elit.\n\nProin interdum mauris non ligula pellentesque ultrices. Phasellus id sapien in sapien iaculis congue. Vivamus metus arcu, adipiscing molestie, hendrerit at, vulputate vitae, nisl.\n\nAenean lectus. Pellentesque eget nunc. Donec quis orci eget orci vehicula condimentum.'),('Sodium Monofluorophosphate','Nullam sit amet turpis elementum ligula vehicula consequat. Morbi a ipsum. Integer a nibh.','Vestibulum ac est lacinia nisi venenatis tristique. Fusce congue, diam id ornare imperdiet, sapien urna pretium nisl, ut volutpat sapien arcu sed augue. Aliquam erat volutpat.\n\nIn congue. Etiam justo. Etiam pretium iaculis justo.\n\nIn hac habitasse platea dictumst. Etiam faucibus cursus urna. Ut tellus.'),('TALC','Maecenas ut massa quis augue luctus tincidunt. Nulla mollis molestie lorem. Quisque ut erat.','Curabitur gravida nisi at nibh. In hac habitasse platea dictumst. Aliquam augue quam, sollicitudin vitae, consectetuer eget, rutrum at, lorem.\n\nInteger tincidunt ante vel ipsum. Praesent blandit lacinia erat. Vestibulum sed magna at nunc commodo placerat.'),('Titanium Dioxide and Zinc Oxide','Quisque id justo sit amet sapien dignissim vestibulum. Vestibulum ante ipsum primis in faucibus orci luctus et ultrices posuere cubilia Curae; Nulla dapibus dolor vel est. Donec odio justo, sollicitudin ut, suscipit a, feugiat et, eros.','Maecenas ut massa quis augue luctus tincidunt. Nulla mollis molestie lorem. Quisque ut erat.\n\nCurabitur gravida nisi at nibh. In hac habitasse platea dictumst. Aliquam augue quam, sollicitudin vitae, consectetuer eget, rutrum at, lorem.');
/*!40000 ALTER TABLE `Medications` ENABLE KEYS */;

--
-- Table structure for table `Pharmacists`
--

/*!40101 SET @saved_cs_client     = @@character_set_client */;
/*!50503 SET character_set_client = utf8mb4 */;
CREATE TABLE `Pharmacists` (
  `CUsername` varchar(20) DEFAULT NULL,
  `Password` varchar(20) NOT NULL,
  `FirstName` varchar(15) NOT NULL,
  `LastName` varchar(15) NOT NULL,
  `PharmEmail` varchar(50) NOT NULL,
  `ClinicName` varchar(50) NOT NULL,
  PRIMARY KEY (`PharmEmail`),
  KEY `fk_02` (`ClinicName`),
  CONSTRAINT `fk_02` FOREIGN KEY (`ClinicName`) REFERENCES `Clinic` (`ClinicName`) ON UPDATE CASCADE
) ENGINE=InnoDB DEFAULT CHARSET=utf8mb4 COLLATE=utf8mb4_0900_ai_ci;
/*!40101 SET character_set_client = @saved_cs_client */;

--
-- Dumping data for table `Pharmacists`
--

/*!40000 ALTER TABLE `Pharmacists` DISABLE KEYS */;
INSERT INTO `Pharmacists` VALUES ('adozdill8','yBvSsz1y','Aleen','Dozdill','adozdill8@techcrunch.com','Ozu'),('afranc1','TZgpzy126p','Ave','Franc','afranc1@stanford.edu','Realbuzz'),('agalbreath3','384YIHCbs4V','Arv','Galbreath','agalbreath3@facebook.com','Topicstorm'),('bbailel','308QFtwbE','Bessie','Baile','bbailel@phpbb.com','Flashpoint'),('bnurnyb','h4gYBsDV','Byrom','Nurny','bnurnyb@bluehost.com','Gigashots'),('cocrianef','sDuAoMZ2FUyN','Chrissy','O\'Criane','cocrianef@gnu.org','Topicstorm'),('cpencoto','jW1ovO','Chickie','Pencot','cpencoto@weebly.com','Agimba'),('demelinen','IuQgZRQ','Daria','Emeline','demelinen@upenn.edu','Kwilith'),('dogarag','41n2MXVfU9BS','Dita','O\' Gara','dogarag@vkontakte.ru','Kwilith'),('dstokeym','WTZPss','Dyana','Stokey','dstokeym@histats.com','Realblab'),('gketcher5','iEMIqJB','Guntar','Ketcher','gketcher5@t.co','Mycat'),('imacneice0','n8DUNWSuo4g5','Idalina','MacNeice','imacneice0@google.de','Reallinks'),('jcucinottae','HEkqbho','Joelle','Cucinotta','jcucinottae@netscape.com','Flashpoint'),('jkewzickc','ceqIkma','Janka','Kewzick','jkewzickc@list-manage.com','Yamia'),('kasquithi','5YurTLGI0dO8','Kit','Asquith','kasquithi@amazon.com','Photobug'),('kculwenj','Dkf5cvV3AXHg','Katusha','Culwen','kculwenj@purevolume.com','Twitterlist'),('lfey7','CHJsbyJvxv','Latashia','Fey','lfey7@icq.com','Quatz'),('lthistletonk','8YJFxbO','Lainey','Thistleton','lthistletonk@sciencedaily.com','LiveZ'),('mgozzetta','ghQ4tjjosQ','Marilyn','Gozzett','mgozzetta@unicef.org','LiveZ'),('pziehm9','AwULC8','Pietro','Ziehm','pziehm9@cnbc.com','Twitterwire'),('radao2','33Wnh2ifCA','Raff','Adao','radao2@illinois.edu','Topicstorm'),('sgarrish6','j1TiZEXDzNy','Sandor','Garrish','sgarrish6@wunderground.com','Devcast'),('singlefieldd','PRd0ORir','Shelba','Inglefield','singlefieldd@ocn.ne.jp','Dablist'),('stallyn4','8KJQtzRMJ','Stormi','Tallyn','stallyn4@spiegel.de','Browseblab'),('yjupeh','P91UFyy','Yolanthe','Jupe','yjupeh@digg.com','Photobug');
/*!40000 ALTER TABLE `Pharmacists` ENABLE KEYS */;

--
-- Table structure for table `Pharmacy Students`
--

/*!40101 SET @saved_cs_client     = @@character_set_client */;
/*!50503 SET character_set_client = utf8mb4 */;
CREATE TABLE `Pharmacy Students` (
  `EdUsername` varchar(20) NOT NULL,
  `password` varchar(20) NOT NULL,
  `SchoolName` varchar(50) NOT NULL,
  `FirstName` varchar(50) NOT NULL,
  `LastName` varchar(50) NOT NULL,
  PRIMARY KEY (`EdUsername`)
) ENGINE=InnoDB DEFAULT CHARSET=utf8mb4 COLLATE=utf8mb4_0900_ai_ci;
/*!40101 SET character_set_client = @saved_cs_client */;

--
-- Dumping data for table `Pharmacy Students`
--

/*!40000 ALTER TABLE `Pharmacy Students` DISABLE KEYS */;
INSERT INTO `Pharmacy Students` VALUES ('acurleyd','fFiUPBj','Marquardt-Lehner','Amber','Curley'),('bdeboickc','gDRpSx','King LLC','Barron','Deboick'),('bgennb','VGTXtkfE9j9','Labadie, Doyle and Feest','Bernie','Genn'),('bkirtland3','2DujlVOO','Cremin Group','Bettina','Kirtland'),('bwolland5','U7ENT0','Rohan Group','Bram','Wolland'),('cockwelll','kbbZ3m8O0F7','Wyman-Runte','Clarita','Ockwell'),('eisley2','7JkGeTwBVJc','Zieme, Casper and Lowe','Elaina','Isley'),('ejovanovic7','lBdZ1B1GU','Walsh-White','Eugenia','Jovanovic'),('fdavittig','ppZCwdpqPn8S','McClure Group','Foster','Davitti'),('freynalds1','og04JaawvZ','Runolfsdottir, Smith and Jacobs','Freida','Reynalds'),('kaylwardo','7ItF5M','Kling, Gorczany and Nikolaus','Kendre','Aylward'),('kminchi8','WMNI6T','Klein and Sons','Krystalle','Minchi'),('lrentoul9','EWDVoEu6aB','Cronin Group','Leonelle','Rentoul'),('lwisdena','gdCKQZubhB','Schneider-Marquardt','Lucien','Wisden'),('nbourdon4','OHieiR3HFEQc','Medhurst Group','Neille','Bourdon'),('nglandk','VTAVQ4Ov0DBM','Luettgen-Marvin','Normie','Gland'),('pdollen6','1Nslmo','Wilkinson, Doyle and Erdman','Paddie','Dollen'),('pdysonn','vgPnZ2','Ritchie Inc','Pietra','Dyson'),('rdaintithh','RTj0bqi','Torp and Sons','Raynor','Daintith'),('rrothermelm','frQMM3DA9b','Bogan and Sons','Regina','Rothermel'),('rtiesj','DJaKeX','Muller-Nikolaus','Ripley','Ties'),('rvautrey0','eyuQLBa9AxG','Lowe Group','Ransom','Vautrey'),('sjosefowiczi','VL2XUxw1dHF','Turcotte, Block and Stroman','Shaun','Josefowicz'),('tjobbinsf','hgUl0zQXj','Mayert, Davis and Lebsack','Thedric','Jobbins'),('zsquirese','phM4N25sE','Konopelski-Prosacco','Zaneta','Squires');
/*!40000 ALTER TABLE `Pharmacy Students` ENABLE KEYS */;

--
-- Table structure for table `med_DC`
--

/*!40101 SET @saved_cs_client     = @@character_set_client */;
/*!50503 SET character_set_client = utf8mb4 */;
CREATE TABLE `med_DC` (
  `MName` varchar(50) NOT NULL,
  `DCName` varchar(50) NOT NULL,
  PRIMARY KEY (`MName`,`DCName`),
  KEY `fk_08` (`DCName`),
  CONSTRAINT `fk_07` FOREIGN KEY (`MName`) REFERENCES `Medications` (`MName`) ON DELETE RESTRICT,
  CONSTRAINT `fk_08` FOREIGN KEY (`DCName`) REFERENCES `Drug Classes` (`DCName`) ON DELETE RESTRICT
) ENGINE=InnoDB DEFAULT CHARSET=utf8mb4 COLLATE=utf8mb4_0900_ai_ci;
/*!40101 SET character_set_client = @saved_cs_client */;

--
-- Dumping data for table `med_DC`
--

/*!40000 ALTER TABLE `med_DC` DISABLE KEYS */;
INSERT INTO `med_DC` VALUES ('BENZOIC ACID, COLCHICUM AUTUMNALE BULB, SULFUR, AR','ac'),('Lamivudine','ac'),('Isosorbide Dinitrate','dictumst etiam'),('mercaptopurine','dictumst etiam'),('Ibuprofen','eu tincidunt'),('SENNA','eu tincidunt'),('Amitriptyline Hydrochloride','id'),('Conium maculatum, Natrium muriaticum, Ruta graveol','in felis'),('TALC','in felis'),('Amitriptyline Hydrochloride','metus'),('Aspirin','nec nisi'),('Etomidate','non interdum'),('Sodium Monofluorophosphate','non interdum'),('TALC','nulla mollis'),('Asafetida, Crataegus Fruit, Lycopus Virginicus and','nulla nunc'),('Norethindrone Acetate and Ethinyl Estradiol','porta'),('guaifenesin','sapien'),('Conium maculatum, Natrium muriaticum, Ruta graveol','sem'),('Fluoxetine','sem'),('guaifenesin','sem'),('Ibuprofen','sem'),('TALC','sem'),('Asafetida, Crataegus Fruit, Lycopus Virginicus and','tristique est'),('AVOBENZONE, HOMOSALATE, OCTISALATE, OCTOCRYLENE OX','volutpat eleifend'),('Fluoxetine','volutpat eleifend');
/*!40000 ALTER TABLE `med_DC` ENABLE KEYS */;

--
-- Table structure for table `med_interactions`
--

/*!40101 SET @saved_cs_client     = @@character_set_client */;
/*!50503 SET character_set_client = utf8mb4 */;
CREATE TABLE `med_interactions` (
  `MName1` varchar(50) NOT NULL,
  `MName2` varchar(50) NOT NULL,
  PRIMARY KEY (`MName1`,`MName2`),
  KEY `fk_06` (`MName2`),
  CONSTRAINT `fk_05` FOREIGN KEY (`MName1`) REFERENCES `Medications` (`MName`) ON DELETE RESTRICT,
  CONSTRAINT `fk_06` FOREIGN KEY (`MName2`) REFERENCES `Medications` (`MName`) ON DELETE RESTRICT
) ENGINE=InnoDB DEFAULT CHARSET=utf8mb4 COLLATE=utf8mb4_0900_ai_ci;
/*!40101 SET character_set_client = @saved_cs_client */;

--
-- Dumping data for table `med_interactions`
--

/*!40000 ALTER TABLE `med_interactions` DISABLE KEYS */;
INSERT INTO `med_interactions` VALUES ('Aspirin','Amitriptyline Hydrochloride'),('guaifenesin','Aralia quinquefolia, Glycyrrhiza, Sarsaparilla, Av'),('BENZOIC ACID, COLCHICUM AUTUMNALE BULB, SULFUR, AR','Asafetida, Crataegus Fruit, Lycopus Virginicus and'),('guaifenesin','Asafetida, Crataegus Fruit, Lycopus Virginicus and'),('Lamivudine','Asafetida, Crataegus Fruit, Lycopus Virginicus and'),('Sodium Monofluorophosphate','Asafetida, Crataegus Fruit, Lycopus Virginicus and'),('Sodium Monofluorophosphate','AVOBENZONE, HOMOSALATE, OCTISALATE, OCTOCRYLENE OX'),('Titanium Dioxide and Zinc Oxide','BENZOIC ACID, COLCHICUM AUTUMNALE BULB, SULFUR, AR'),('Nicotine polacrilex','Celecoxib'),('TALC','Celecoxib'),('BENZOIC ACID, COLCHICUM AUTUMNALE BULB, SULFUR, AR','Etomidate'),('Glipizide and Metformin Hydrochloride','Etomidate'),('mercaptopurine','Etomidate'),('Titanium Dioxide and Zinc Oxide','Etomidate'),('BENZOIC ACID, COLCHICUM AUTUMNALE BULB, SULFUR, AR','Glipizide and Metformin Hydrochloride'),('Fluoxetine','Ibuprofen'),('aluminum hydroxide, magnesium hydroxide, dimethico','Isopropyl Alcohol'),('Asafetida, Crataegus Fruit, Lycopus Virginicus and','Isopropyl Alcohol'),('Isosorbide Dinitrate','Lamivudine'),('Etomidate','mercaptopurine'),('Amitriptyline Hydrochloride','Nicotine polacrilex'),('Glipizide and Metformin Hydrochloride','Norethindrone Acetate and Ethinyl Estradiol'),('Aspirin','SENNA'),('Glipizide and Metformin Hydrochloride','SENNA'),('guaifenesin','Titanium Dioxide and Zinc Oxide');
/*!40000 ALTER TABLE `med_interactions` ENABLE KEYS */;

--
-- Table structure for table `patient_med`
--

/*!40101 SET @saved_cs_client     = @@character_set_client */;
/*!50503 SET character_set_client = utf8mb4 */;
CREATE TABLE `patient_med` (
  `MName` varchar(50) NOT NULL,
  `PUsername` varchar(50) NOT NULL,
  `Indication` text NOT NULL,
  PRIMARY KEY (`MName`,`PUsername`),
  KEY `fk_04` (`PUsername`),
  CONSTRAINT `fk_03` FOREIGN KEY (`MName`) REFERENCES `Medications` (`MName`) ON DELETE RESTRICT,
  CONSTRAINT `fk_04` FOREIGN KEY (`PUsername`) REFERENCES `Layman Patients` (`PUsername`) ON DELETE CASCADE
) ENGINE=InnoDB DEFAULT CHARSET=utf8mb4 COLLATE=utf8mb4_0900_ai_ci;
/*!40101 SET character_set_client = @saved_cs_client */;

--
-- Dumping data for table `patient_med`
--

/*!40000 ALTER TABLE `patient_med` DISABLE KEYS */;
INSERT INTO `patient_med` VALUES ('aluminum hydroxide, magnesium hydroxide, dimethico','aackwood1y','Nondisp fx of body of hamate bone'),('Amitriptyline Hydrochloride','aanselmik7','Jump/div into swim pool strk bottom causing drown'),('Aralia quinquefolia, Glycyrrhiza, Sarsaparilla, Av','abelhommelp','Pre-existing hyp chronic kidney disease comp the puerperium'),('Asafetida, Crataegus Fruit, Lycopus Virginicus and','abenny6x','Laceration of great saphenous at lower leg level'),('Aspirin','abrammallok','Unsp injury of unsp urinary and pelvic organ'),('AVOBENZONE, HOMOSALATE, OCTISALATE, OCTOCRYLENE OX','abresman73','Legal intervnt w injury by handgun'),('BENZOIC ACID, COLCHICUM AUTUMNALE BULB, SULFUR, AR','abroadwayqf','Incomplete atypical femoral fracture'),('Celecoxib','acalender4h','Major laceration of celiac artery'),('Conium maculatum, Natrium muriaticum, Ruta graveol','acantonjo','Occup of bus injured in clsn w statnry object in traf'),('Etomidate','achaineyf7','Gastric contents in trachea causing oth injury'),('Fluoxetine','achampken1w','Torus fracture of upper end of right humerus'),('Glipizide and Metformin Hydrochloride','acollyns8n','Oth traum nondisp spondylolysis of third cervcal vert'),('guaifenesin','acoupela','Unsp injury of adductor musc/fasc/tend left thigh'),('Ibuprofen','acramond6v','Other hypertrophic osteoarthropathy'),('Isopropyl Alcohol','adefew14','Abnormal glucose compl preg/chldbrth'),('Isosorbide Dinitrate','adegogay68','Oth noninfective disorders of lymphatic vessels and nodes'),('Lamivudine','adono3b','Retinopathy of prematurity'),('mercaptopurine','adurnokk','Minor laceration of femoral artery'),('Nicotine polacrilex','aendicottro','Loose body in left shoulder'),('Norethindrone Acetate and Ethinyl Estradiol','afaldoe4x','Chronic multifocal osteomyelitis'),('Petrolatum','afeakq6','Open bite of abd wall'),('SENNA','afeechanrp','Nondisp spiral fx shaft of l fibula'),('Sodium Monofluorophosphate','aflorezk9','Postprocedural adrenocortical (-medullary) hypofunction'),('TALC','aflynnmu','Drug-induced gout'),('Titanium Dioxide and Zinc Oxide','aforgeo1','Unspecified sprain of unspecified great toe');
/*!40000 ALTER TABLE `patient_med` ENABLE KEYS */;

--
-- Table structure for table `samp_prob`
--

/*!40101 SET @saved_cs_client     = @@character_set_client */;
/*!50503 SET character_set_client = utf8mb4 */;
CREATE TABLE `samp_prob` (
  `MName` varchar(50) NOT NULL,
  `SampProb` mediumtext NOT NULL,
  PRIMARY KEY (`MName`),
  CONSTRAINT `fk_11` FOREIGN KEY (`MName`) REFERENCES `Medications` (`MName`) ON DELETE RESTRICT
) ENGINE=InnoDB DEFAULT CHARSET=utf8mb4 COLLATE=utf8mb4_0900_ai_ci;
/*!40101 SET character_set_client = @saved_cs_client */;

--
-- Dumping data for table `samp_prob`
--

/*!40000 ALTER TABLE `samp_prob` DISABLE KEYS */;
INSERT INTO `samp_prob` VALUES ('Amitriptyline Hydrochloride','Morbi porttitor lorem id ligula. Suspendisse ornare consequat lectus. In est risus, auctor sed, tristique in, tempus sit amet, sem.'),('Aralia quinquefolia, Glycyrrhiza, Sarsaparilla, Av','In quis justo. Maecenas rhoncus aliquam lacus. Morbi quis tortor id nulla ultrices aliquet.\n\nMaecenas leo odio, condimentum id, luctus nec, molestie sed, justo. Pellentesque viverra pede ac diam. Cras pellentesque volutpat dui.\n\nMaecenas tristique, est et tempus semper, est quam pharetra magna, ac consequat metus sapien ut nunc. Vestibulum ante ipsum primis in faucibus orci luctus et ultrices posuere cubilia Curae; Mauris viverra diam vitae quam. Suspendisse potenti.'),('Aspirin','Sed sagittis. Nam congue, risus semper porta volutpat, quam pede lobortis ligula, sit amet eleifend pede libero quis orci. Nullam molestie nibh in lectus.\n\nPellentesque at nulla. Suspendisse potenti. Cras in purus eu magna vulputate luctus.'),('AVOBENZONE, HOMOSALATE, OCTISALATE, OCTOCRYLENE OX','Morbi porttitor lorem id ligula. Suspendisse ornare consequat lectus. In est risus, auctor sed, tristique in, tempus sit amet, sem.\n\nFusce consequat. Nulla nisl. Nunc nisl.\n\nDuis bibendum, felis sed interdum venenatis, turpis enim blandit mi, in porttitor pede justo eu massa. Donec dapibus. Duis at velit eu est congue elementum.'),('Conium maculatum, Natrium muriaticum, Ruta graveol','Proin interdum mauris non ligula pellentesque ultrices. Phasellus id sapien in sapien iaculis congue. Vivamus metus arcu, adipiscing molestie, hendrerit at, vulputate vitae, nisl.'),('Etomidate','Aenean fermentum. Donec ut mauris eget massa tempor convallis. Nulla neque libero, convallis eget, eleifend luctus, ultricies eu, nibh.\n\nQuisque id justo sit amet sapien dignissim vestibulum. Vestibulum ante ipsum primis in faucibus orci luctus et ultrices posuere cubilia Curae; Nulla dapibus dolor vel est. Donec odio justo, sollicitudin ut, suscipit a, feugiat et, eros.\n\nVestibulum ac est lacinia nisi venenatis tristique. Fusce congue, diam id ornare imperdiet, sapien urna pretium nisl, ut volutpat sapien arcu sed augue. Aliquam erat volutpat.'),('Fluoxetine','Proin leo odio, porttitor id, consequat in, consequat ut, nulla. Sed accumsan felis. Ut at dolor quis odio consequat varius.'),('Glipizide and Metformin Hydrochloride','Sed ante. Vivamus tortor. Duis mattis egestas metus.'),('Isopropyl Alcohol','Etiam vel augue. Vestibulum rutrum rutrum neque. Aenean auctor gravida sem.\n\nPraesent id massa id nisl venenatis lacinia. Aenean sit amet justo. Morbi ut odio.'),('Lamivudine','Integer ac leo. Pellentesque ultrices mattis odio. Donec vitae nisi.\n\nNam ultrices, libero non mattis pulvinar, nulla pede ullamcorper augue, a suscipit nulla elit ac nulla. Sed vel enim sit amet nunc viverra dapibus. Nulla suscipit ligula in lacus.'),('mercaptopurine','Aliquam quis turpis eget elit sodales scelerisque. Mauris sit amet eros. Suspendisse accumsan tortor quis turpis.\n\nSed ante. Vivamus tortor. Duis mattis egestas metus.\n\nAenean fermentum. Donec ut mauris eget massa tempor convallis. Nulla neque libero, convallis eget, eleifend luctus, ultricies eu, nibh.'),('Nicotine polacrilex','Suspendisse potenti. In eleifend quam a odio. In hac habitasse platea dictumst.'),('Petrolatum','Suspendisse potenti. In eleifend quam a odio. In hac habitasse platea dictumst.\n\nMaecenas ut massa quis augue luctus tincidunt. Nulla mollis molestie lorem. Quisque ut erat.'),('SENNA','Vestibulum quam sapien, varius ut, blandit non, interdum in, ante. Vestibulum ante ipsum primis in faucibus orci luctus et ultrices posuere cubilia Curae; Duis faucibus accumsan odio. Curabitur convallis.\n\nDuis consequat dui nec nisi volutpat eleifend. Donec ut dolor. Morbi vel lectus in quam fringilla rhoncus.'),('TALC','Donec diam neque, vestibulum eget, vulputate ut, ultrices vel, augue. Vestibulum ante ipsum primis in faucibus orci luctus et ultrices posuere cubilia Curae; Donec pharetra, magna vestibulum aliquet ultrices, erat tortor sollicitudin mi, sit amet lobortis sapien sapien non mi. Integer ac neque.\n\nDuis bibendum. Morbi non quam nec dui luctus rutrum. Nulla tellus.'),('Titanium Dioxide and Zinc Oxide','Duis bibendum, felis sed interdum venenatis, turpis enim blandit mi, in porttitor pede justo eu massa. Donec dapibus. Duis at velit eu est congue elementum.\n\nIn hac habitasse platea dictumst. Morbi vestibulum, velit id pretium iaculis, diam erat fermentum justo, nec condimentum neque sapien placerat ante. Nulla justo.');
/*!40000 ALTER TABLE `samp_prob` ENABLE KEYS */;

--
-- Table structure for table `student_med`
--

/*!40101 SET @saved_cs_client     = @@character_set_client */;
/*!50503 SET character_set_client = utf8mb4 */;
CREATE TABLE `student_med` (
  `MName` varchar(50) NOT NULL,
  `EdUsername` varchar(50) NOT NULL,
  PRIMARY KEY (`MName`,`EdUsername`),
  KEY `fk_10` (`EdUsername`),
  CONSTRAINT `fk_09` FOREIGN KEY (`MName`) REFERENCES `Medications` (`MName`) ON DELETE RESTRICT,
  CONSTRAINT `fk_10` FOREIGN KEY (`EdUsername`) REFERENCES `Pharmacy Students` (`EdUsername`) ON DELETE CASCADE
) ENGINE=InnoDB DEFAULT CHARSET=utf8mb4 COLLATE=utf8mb4_0900_ai_ci;
/*!40101 SET character_set_client = @saved_cs_client */;

--
-- Dumping data for table `student_med`
--

/*!40000 ALTER TABLE `student_med` DISABLE KEYS */;
INSERT INTO `student_med` VALUES ('Ibuprofen','acurleyd'),('guaifenesin','bdeboickc'),('Glipizide and Metformin Hydrochloride','bgennb'),('Asafetida, Crataegus Fruit, Lycopus Virginicus and','bkirtland3'),('AVOBENZONE, HOMOSALATE, OCTISALATE, OCTOCRYLENE OX','bwolland5'),('SENNA','cockwelll'),('Aralia quinquefolia, Glycyrrhiza, Sarsaparilla, Av','eisley2'),('Celecoxib','ejovanovic7'),('Lamivudine','fdavittig'),('Amitriptyline Hydrochloride','freynalds1'),('Titanium Dioxide and Zinc Oxide','kaylwardo'),('Conium maculatum, Natrium muriaticum, Ruta graveol','kminchi8'),('Etomidate','lrentoul9'),('Fluoxetine','lwisdena'),('Aspirin','nbourdon4'),('Petrolatum','nglandk'),('BENZOIC ACID, COLCHICUM AUTUMNALE BULB, SULFUR, AR','pdollen6'),('TALC','pdysonn'),('mercaptopurine','rdaintithh'),('Sodium Monofluorophosphate','rrothermelm'),('Norethindrone Acetate and Ethinyl Estradiol','rtiesj'),('aluminum hydroxide, magnesium hydroxide, dimethico','rvautrey0'),('Nicotine polacrilex','sjosefowiczi'),('Isosorbide Dinitrate','tjobbinsf'),('Isopropyl Alcohol','zsquirese');
/*!40000 ALTER TABLE `student_med` ENABLE KEYS */;

--
-- Table structure for table `student_notes`
--

/*!40101 SET @saved_cs_client     = @@character_set_client */;
/*!50503 SET character_set_client = utf8mb4 */;
CREATE TABLE `student_notes` (
  `Mname` varchar(20) NOT NULL,
  `EdUsername` varchar(20) NOT NULL,
  `Description` mediumtext,
  PRIMARY KEY (`EdUsername`,`Mname`),
  KEY `fk_15` (`Mname`),
  CONSTRAINT `fk_14` FOREIGN KEY (`EdUsername`) REFERENCES `Pharmacy Students` (`EdUsername`) ON DELETE CASCADE,
  CONSTRAINT `fk_15` FOREIGN KEY (`Mname`) REFERENCES `Medications` (`MName`) ON UPDATE CASCADE
) ENGINE=InnoDB DEFAULT CHARSET=utf8mb4 COLLATE=utf8mb4_0900_ai_ci;
/*!40101 SET character_set_client = @saved_cs_client */;

--
-- Dumping data for table `student_notes`
--

/*!40000 ALTER TABLE `student_notes` DISABLE KEYS */;
INSERT INTO `student_notes` VALUES ('Aspirin','eisley2','Aspirin is used to reduce fever and relieve mild to moderate pain from conditions such as muscle aches, toothaches, common cold, and headaches. It may be used to reduce pain and swelling in conditions such as arthritis. Aspirin is a salicylate and a nonsteroidal anti-inflammatory drug (NSAID)'),('Ibuprofen','kaylwardo','Ibuprofen is a medication used to manage and treat inflammatory diseases, rheumatoid disorders, mild to moderate pain, fever, dysmenorrhea, and osteoarthritis. It is also available as an over-the-counter medication for pain, usually mild. It is in the non-steroidal anti-inflammatory drug (NSAID) class of medications.'),('Celecoxib','nbourdon4','Duis consequat dui nec nisi volutpat eleifend. Donec ut dolor. Morbi vel lectus in quam fringilla rhoncus.\n\nMauris enim leo, rhoncus sed, vestibulum sit amet, cursus id, turpis. Integer aliquet, massa id lobortis convallis, tortor risus dapibus augue, vel accumsan tellus nisi eu orci. Mauris lacinia sapien quis libero.');
/*!40000 ALTER TABLE `student_notes` ENABLE KEYS */;

--
-- Table structure for table `use_casesDC`
--

/*!40101 SET @saved_cs_client     = @@character_set_client */;
/*!50503 SET character_set_client = utf8mb4 */;
CREATE TABLE `use_casesDC` (
  `DCname` varchar(50) NOT NULL,
  `EdInfo` mediumtext,
  `Description` mediumtext NOT NULL,
  PRIMARY KEY (`DCname`),
  CONSTRAINT `fk_13` FOREIGN KEY (`DCname`) REFERENCES `Drug Classes` (`DCName`) ON DELETE RESTRICT
) ENGINE=InnoDB DEFAULT CHARSET=utf8mb4 COLLATE=utf8mb4_0900_ai_ci;
/*!40101 SET character_set_client = @saved_cs_client */;

--
-- Dumping data for table `use_casesDC`
--

/*!40000 ALTER TABLE `use_casesDC` DISABLE KEYS */;
INSERT INTO `use_casesDC` VALUES ('ac','Curabitur in libero ut massa volutpat convallis. Morbi odio odio, elementum eu, interdum eu, tincidunt in, leo. Maecenas pulvinar lobortis est.\n\nPhasellus sit amet erat. Nulla tempus. Vivamus in felis eu sapien cursus vestibulum.\n\nProin eu mi. Nulla ac enim. In tempor, turpis nec euismod scelerisque, quam turpis adipiscing lorem, vitae mattis nibh ligula nec sem.','Maecenas ut massa quis augue luctus tincidunt. Nulla mollis molestie lorem. Quisque ut erat.'),('consectetuer','Praesent id massa id nisl venenatis lacinia. Aenean sit amet justo. Morbi ut odio.\n\nCras mi pede, malesuada in, imperdiet et, commodo vulputate, justo. In blandit ultrices enim. Lorem ipsum dolor sit amet, consectetuer adipiscing elit.','Mauris enim leo, rhoncus sed, vestibulum sit amet, cursus id, turpis. Integer aliquet, massa id lobortis convallis, tortor risus dapibus augue, vel accumsan tellus nisi eu orci. Mauris lacinia sapien quis libero.'),('curae','Quisque porta volutpat erat. Quisque erat eros, viverra eget, congue eget, semper rutrum, nulla. Nunc purus.\n\nPhasellus in felis. Donec semper sapien a libero. Nam dui.','Pellentesque at nulla. Suspendisse potenti. Cras in purus eu magna vulputate luctus.'),('dictumst etiam','In sagittis dui vel nisl. Duis ac nibh. Fusce lacus purus, aliquet at, feugiat non, pretium quis, lectus.\n\nSuspendisse potenti. In eleifend quam a odio. In hac habitasse platea dictumst.\n\nMaecenas ut massa quis augue luctus tincidunt. Nulla mollis molestie lorem. Quisque ut erat.','Vestibulum quam sapien, varius ut, blandit non, interdum in, ante. Vestibulum ante ipsum primis in faucibus orci luctus et ultrices posuere cubilia Curae; Duis faucibus accumsan odio. Curabitur convallis.'),('etiam pretium','In congue. Etiam justo. Etiam pretium iaculis justo.\n\nIn hac habitasse platea dictumst. Etiam faucibus cursus urna. Ut tellus.\n\nNulla ut erat id mauris vulputate elementum. Nullam varius. Nulla facilisi.','In congue. Etiam justo. Etiam pretium iaculis justo.'),('eu tincidunt','Fusce consequat. Nulla nisl. Nunc nisl.\n\nDuis bibendum, felis sed interdum venenatis, turpis enim blandit mi, in porttitor pede justo eu massa. Donec dapibus. Duis at velit eu est congue elementum.','Praesent id massa id nisl venenatis lacinia. Aenean sit amet justo. Morbi ut odio.'),('faucibus orci','Nam ultrices, libero non mattis pulvinar, nulla pede ullamcorper augue, a suscipit nulla elit ac nulla. Sed vel enim sit amet nunc viverra dapibus. Nulla suscipit ligula in lacus.\n\nCurabitur at ipsum ac tellus semper interdum. Mauris ullamcorper purus sit amet nulla. Quisque arcu libero, rutrum ac, lobortis vel, dapibus at, diam.','Praesent id massa id nisl venenatis lacinia. Aenean sit amet justo. Morbi ut odio.'),('id','Praesent blandit. Nam nulla. Integer pede justo, lacinia eget, tincidunt eget, tempus vel, pede.\n\nMorbi porttitor lorem id ligula. Suspendisse ornare consequat lectus. In est risus, auctor sed, tristique in, tempus sit amet, sem.\n\nFusce consequat. Nulla nisl. Nunc nisl.','Aenean lectus. Pellentesque eget nunc. Donec quis orci eget orci vehicula condimentum.'),('imperdiet','Phasellus in felis. Donec semper sapien a libero. Nam dui.\n\nProin leo odio, porttitor id, consequat in, consequat ut, nulla. Sed accumsan felis. Ut at dolor quis odio consequat varius.','Cras mi pede, malesuada in, imperdiet et, commodo vulputate, justo. In blandit ultrices enim. Lorem ipsum dolor sit amet, consectetuer adipiscing elit.'),('in felis','Suspendisse potenti. In eleifend quam a odio. In hac habitasse platea dictumst.\n\nMaecenas ut massa quis augue luctus tincidunt. Nulla mollis molestie lorem. Quisque ut erat.','Quisque id justo sit amet sapien dignissim vestibulum. Vestibulum ante ipsum primis in faucibus orci luctus et ultrices posuere cubilia Curae; Nulla dapibus dolor vel est. Donec odio justo, sollicitudin ut, suscipit a, feugiat et, eros.'),('metus','Maecenas ut massa quis augue luctus tincidunt. Nulla mollis molestie lorem. Quisque ut erat.\n\nCurabitur gravida nisi at nibh. In hac habitasse platea dictumst. Aliquam augue quam, sollicitudin vitae, consectetuer eget, rutrum at, lorem.','Duis bibendum, felis sed interdum venenatis, turpis enim blandit mi, in porttitor pede justo eu massa. Donec dapibus. Duis at velit eu est congue elementum.'),('metus aenean','Morbi porttitor lorem id ligula. Suspendisse ornare consequat lectus. In est risus, auctor sed, tristique in, tempus sit amet, sem.\n\nFusce consequat. Nulla nisl. Nunc nisl.','Integer ac leo. Pellentesque ultrices mattis odio. Donec vitae nisi.'),('nec nisi','Proin interdum mauris non ligula pellentesque ultrices. Phasellus id sapien in sapien iaculis congue. Vivamus metus arcu, adipiscing molestie, hendrerit at, vulputate vitae, nisl.\n\nAenean lectus. Pellentesque eget nunc. Donec quis orci eget orci vehicula condimentum.\n\nCurabitur in libero ut massa volutpat convallis. Morbi odio odio, elementum eu, interdum eu, tincidunt in, leo. Maecenas pulvinar lobortis est.','Integer ac leo. Pellentesque ultrices mattis odio. Donec vitae nisi.'),('non interdum','Nulla ut erat id mauris vulputate elementum. Nullam varius. Nulla facilisi.\n\nCras non velit nec nisi vulputate nonummy. Maecenas tincidunt lacus at velit. Vivamus vel nulla eget eros elementum pellentesque.','Mauris enim leo, rhoncus sed, vestibulum sit amet, cursus id, turpis. Integer aliquet, massa id lobortis convallis, tortor risus dapibus augue, vel accumsan tellus nisi eu orci. Mauris lacinia sapien quis libero.'),('nulla mollis','Morbi porttitor lorem id ligula. Suspendisse ornare consequat lectus. In est risus, auctor sed, tristique in, tempus sit amet, sem.\n\nFusce consequat. Nulla nisl. Nunc nisl.','Vestibulum quam sapien, varius ut, blandit non, interdum in, ante. Vestibulum ante ipsum primis in faucibus orci luctus et ultrices posuere cubilia Curae; Duis faucibus accumsan odio. Curabitur convallis.'),('nulla nunc','Integer ac leo. Pellentesque ultrices mattis odio. Donec vitae nisi.\n\nNam ultrices, libero non mattis pulvinar, nulla pede ullamcorper augue, a suscipit nulla elit ac nulla. Sed vel enim sit amet nunc viverra dapibus. Nulla suscipit ligula in lacus.','Proin eu mi. Nulla ac enim. In tempor, turpis nec euismod scelerisque, quam turpis adipiscing lorem, vitae mattis nibh ligula nec sem.'),('porta','Curabitur in libero ut massa volutpat convallis. Morbi odio odio, elementum eu, interdum eu, tincidunt in, leo. Maecenas pulvinar lobortis est.\n\nPhasellus sit amet erat. Nulla tempus. Vivamus in felis eu sapien cursus vestibulum.','Proin leo odio, porttitor id, consequat in, consequat ut, nulla. Sed accumsan felis. Ut at dolor quis odio consequat varius.'),('sapien','Suspendisse potenti. In eleifend quam a odio. In hac habitasse platea dictumst.\n\nMaecenas ut massa quis augue luctus tincidunt. Nulla mollis molestie lorem. Quisque ut erat.','Lorem ipsum dolor sit amet, consectetuer adipiscing elit. Proin risus. Praesent lectus.'),('sem','Cras non velit nec nisi vulputate nonummy. Maecenas tincidunt lacus at velit. Vivamus vel nulla eget eros elementum pellentesque.\n\nQuisque porta volutpat erat. Quisque erat eros, viverra eget, congue eget, semper rutrum, nulla. Nunc purus.','Integer tincidunt ante vel ipsum. Praesent blandit lacinia erat. Vestibulum sed magna at nunc commodo placerat.'),('sit amet','Quisque id justo sit amet sapien dignissim vestibulum. Vestibulum ante ipsum primis in faucibus orci luctus et ultrices posuere cubilia Curae; Nulla dapibus dolor vel est. Donec odio justo, sollicitudin ut, suscipit a, feugiat et, eros.\n\nVestibulum ac est lacinia nisi venenatis tristique. Fusce congue, diam id ornare imperdiet, sapien urna pretium nisl, ut volutpat sapien arcu sed augue. Aliquam erat volutpat.','Cras non velit nec nisi vulputate nonummy. Maecenas tincidunt lacus at velit. Vivamus vel nulla eget eros elementum pellentesque.'),('tellus','Fusce consequat. Nulla nisl. Nunc nisl.\n\nDuis bibendum, felis sed interdum venenatis, turpis enim blandit mi, in porttitor pede justo eu massa. Donec dapibus. Duis at velit eu est congue elementum.\n\nIn hac habitasse platea dictumst. Morbi vestibulum, velit id pretium iaculis, diam erat fermentum justo, nec condimentum neque sapien placerat ante. Nulla justo.','Duis consequat dui nec nisi volutpat eleifend. Donec ut dolor. Morbi vel lectus in quam fringilla rhoncus.'),('tristique est','Suspendisse potenti. In eleifend quam a odio. In hac habitasse platea dictumst.\n\nMaecenas ut massa quis augue luctus tincidunt. Nulla mollis molestie lorem. Quisque ut erat.','Phasellus in felis. Donec semper sapien a libero. Nam dui.'),('ut suscipit','Aliquam quis turpis eget elit sodales scelerisque. Mauris sit amet eros. Suspendisse accumsan tortor quis turpis.\n\nSed ante. Vivamus tortor. Duis mattis egestas metus.\n\nAenean fermentum. Donec ut mauris eget massa tempor convallis. Nulla neque libero, convallis eget, eleifend luctus, ultricies eu, nibh.','Proin leo odio, porttitor id, consequat in, consequat ut, nulla. Sed accumsan felis. Ut at dolor quis odio consequat varius.'),('volutpat eleifend','Proin leo odio, porttitor id, consequat in, consequat ut, nulla. Sed accumsan felis. Ut at dolor quis odio consequat varius.\n\nInteger ac leo. Pellentesque ultrices mattis odio. Donec vitae nisi.\n\nNam ultrices, libero non mattis pulvinar, nulla pede ullamcorper augue, a suscipit nulla elit ac nulla. Sed vel enim sit amet nunc viverra dapibus. Nulla suscipit ligula in lacus.','In hac habitasse platea dictumst. Etiam faucibus cursus urna. Ut tellus.');
/*!40000 ALTER TABLE `use_casesDC` ENABLE KEYS */;

--
-- Table structure for table `use_casesM`
--

/*!40101 SET @saved_cs_client     = @@character_set_client */;
/*!50503 SET character_set_client = utf8mb4 */;
CREATE TABLE `use_casesM` (
  `Mname` varchar(50) NOT NULL,
  `EdInfo` mediumtext,
  `Description` mediumtext NOT NULL,
  PRIMARY KEY (`Mname`),
  CONSTRAINT `fk_12` FOREIGN KEY (`Mname`) REFERENCES `Medications` (`MName`) ON DELETE RESTRICT
) ENGINE=InnoDB DEFAULT CHARSET=utf8mb4 COLLATE=utf8mb4_0900_ai_ci;
/*!40101 SET character_set_client = @saved_cs_client */;

--
-- Dumping data for table `use_casesM`
--

/*!40000 ALTER TABLE `use_casesM` DISABLE KEYS */;
INSERT INTO `use_casesM` VALUES ('Amitriptyline Hydrochloride','Quisque id justo sit amet sapien dignissim vestibulum. Vestibulum ante ipsum primis in faucibus orci luctus et ultrices posuere cubilia Curae; Nulla dapibus dolor vel est. Donec odio justo, sollicitudin ut, suscipit a, feugiat et, eros.\n\nVestibulum ac est lacinia nisi venenatis tristique. Fusce congue, diam id ornare imperdiet, sapien urna pretium nisl, ut volutpat sapien arcu sed augue. Aliquam erat volutpat.\n\nIn congue. Etiam justo. Etiam pretium iaculis justo.','Vestibulum ac est lacinia nisi venenatis tristique. Fusce congue, diam id ornare imperdiet, sapien urna pretium nisl, ut volutpat sapien arcu sed augue. Aliquam erat volutpat.'),('Aspirin','Integer ac leo. Pellentesque ultrices mattis odio. Donec vitae nisi.\n\nNam ultrices, libero non mattis pulvinar, nulla pede ullamcorper augue, a suscipit nulla elit ac nulla. Sed vel enim sit amet nunc viverra dapibus. Nulla suscipit ligula in lacus.','Duis aliquam convallis nunc. Proin at turpis a pede posuere nonummy. Integer non velit.'),('AVOBENZONE, HOMOSALATE, OCTISALATE, OCTOCRYLENE OX','Phasellus sit amet erat. Nulla tempus. Vivamus in felis eu sapien cursus vestibulum.\n\nProin eu mi. Nulla ac enim. In tempor, turpis nec euismod scelerisque, quam turpis adipiscing lorem, vitae mattis nibh ligula nec sem.','Duis aliquam convallis nunc. Proin at turpis a pede posuere nonummy. Integer non velit.'),('BENZOIC ACID, COLCHICUM AUTUMNALE BULB, SULFUR, AR','Quisque porta volutpat erat. Quisque erat eros, viverra eget, congue eget, semper rutrum, nulla. Nunc purus.\n\nPhasellus in felis. Donec semper sapien a libero. Nam dui.\n\nProin leo odio, porttitor id, consequat in, consequat ut, nulla. Sed accumsan felis. Ut at dolor quis odio consequat varius.','Proin leo odio, porttitor id, consequat in, consequat ut, nulla. Sed accumsan felis. Ut at dolor quis odio consequat varius.'),('Celecoxib','Quisque porta volutpat erat. Quisque erat eros, viverra eget, congue eget, semper rutrum, nulla. Nunc purus.\n\nPhasellus in felis. Donec semper sapien a libero. Nam dui.','Lorem ipsum dolor sit amet, consectetuer adipiscing elit. Proin risus. Praesent lectus.'),('Conium maculatum, Natrium muriaticum, Ruta graveol','Fusce posuere felis sed lacus. Morbi sem mauris, laoreet ut, rhoncus aliquet, pulvinar sed, nisl. Nunc rhoncus dui vel sem.\n\nSed sagittis. Nam congue, risus semper porta volutpat, quam pede lobortis ligula, sit amet eleifend pede libero quis orci. Nullam molestie nibh in lectus.\n\nPellentesque at nulla. Suspendisse potenti. Cras in purus eu magna vulputate luctus.','Nullam sit amet turpis elementum ligula vehicula consequat. Morbi a ipsum. Integer a nibh.'),('Etomidate','Aliquam quis turpis eget elit sodales scelerisque. Mauris sit amet eros. Suspendisse accumsan tortor quis turpis.\n\nSed ante. Vivamus tortor. Duis mattis egestas metus.','In quis justo. Maecenas rhoncus aliquam lacus. Morbi quis tortor id nulla ultrices aliquet.'),('Fluoxetine','Cras non velit nec nisi vulputate nonummy. Maecenas tincidunt lacus at velit. Vivamus vel nulla eget eros elementum pellentesque.\n\nQuisque porta volutpat erat. Quisque erat eros, viverra eget, congue eget, semper rutrum, nulla. Nunc purus.\n\nPhasellus in felis. Donec semper sapien a libero. Nam dui.','Mauris enim leo, rhoncus sed, vestibulum sit amet, cursus id, turpis. Integer aliquet, massa id lobortis convallis, tortor risus dapibus augue, vel accumsan tellus nisi eu orci. Mauris lacinia sapien quis libero.'),('Ibuprofen','Proin interdum mauris non ligula pellentesque ultrices. Phasellus id sapien in sapien iaculis congue. Vivamus metus arcu, adipiscing molestie, hendrerit at, vulputate vitae, nisl.\n\nAenean lectus. Pellentesque eget nunc. Donec quis orci eget orci vehicula condimentum.\n\nCurabitur in libero ut massa volutpat convallis. Morbi odio odio, elementum eu, interdum eu, tincidunt in, leo. Maecenas pulvinar lobortis est.','Aenean lectus. Pellentesque eget nunc. Donec quis orci eget orci vehicula condimentum.'),('Isopropyl Alcohol','Duis aliquam convallis nunc. Proin at turpis a pede posuere nonummy. Integer non velit.\n\nDonec diam neque, vestibulum eget, vulputate ut, ultrices vel, augue. Vestibulum ante ipsum primis in faucibus orci luctus et ultrices posuere cubilia Curae; Donec pharetra, magna vestibulum aliquet ultrices, erat tortor sollicitudin mi, sit amet lobortis sapien sapien non mi. Integer ac neque.\n\nDuis bibendum. Morbi non quam nec dui luctus rutrum. Nulla tellus.','Proin leo odio, porttitor id, consequat in, consequat ut, nulla. Sed accumsan felis. Ut at dolor quis odio consequat varius.'),('Isosorbide Dinitrate','In congue. Etiam justo. Etiam pretium iaculis justo.\n\nIn hac habitasse platea dictumst. Etiam faucibus cursus urna. Ut tellus.','Proin interdum mauris non ligula pellentesque ultrices. Phasellus id sapien in sapien iaculis congue. Vivamus metus arcu, adipiscing molestie, hendrerit at, vulputate vitae, nisl.'),('mercaptopurine','Phasellus sit amet erat. Nulla tempus. Vivamus in felis eu sapien cursus vestibulum.\n\nProin eu mi. Nulla ac enim. In tempor, turpis nec euismod scelerisque, quam turpis adipiscing lorem, vitae mattis nibh ligula nec sem.','Fusce consequat. Nulla nisl. Nunc nisl.'),('Nicotine polacrilex','In congue. Etiam justo. Etiam pretium iaculis justo.\n\nIn hac habitasse platea dictumst. Etiam faucibus cursus urna. Ut tellus.\n\nNulla ut erat id mauris vulputate elementum. Nullam varius. Nulla facilisi.','Aenean fermentum. Donec ut mauris eget massa tempor convallis. Nulla neque libero, convallis eget, eleifend luctus, ultricies eu, nibh.'),('Norethindrone Acetate and Ethinyl Estradiol','Praesent id massa id nisl venenatis lacinia. Aenean sit amet justo. Morbi ut odio.\n\nCras mi pede, malesuada in, imperdiet et, commodo vulputate, justo. In blandit ultrices enim. Lorem ipsum dolor sit amet, consectetuer adipiscing elit.\n\nProin interdum mauris non ligula pellentesque ultrices. Phasellus id sapien in sapien iaculis congue. Vivamus metus arcu, adipiscing molestie, hendrerit at, vulputate vitae, nisl.','Quisque id justo sit amet sapien dignissim vestibulum. Vestibulum ante ipsum primis in faucibus orci luctus et ultrices posuere cubilia Curae; Nulla dapibus dolor vel est. Donec odio justo, sollicitudin ut, suscipit a, feugiat et, eros.'),('Petrolatum','Mauris enim leo, rhoncus sed, vestibulum sit amet, cursus id, turpis. Integer aliquet, massa id lobortis convallis, tortor risus dapibus augue, vel accumsan tellus nisi eu orci. Mauris lacinia sapien quis libero.\n\nNullam sit amet turpis elementum ligula vehicula consequat. Morbi a ipsum. Integer a nibh.','Proin interdum mauris non ligula pellentesque ultrices. Phasellus id sapien in sapien iaculis congue. Vivamus metus arcu, adipiscing molestie, hendrerit at, vulputate vitae, nisl.'),('SENNA','Donec diam neque, vestibulum eget, vulputate ut, ultrices vel, augue. Vestibulum ante ipsum primis in faucibus orci luctus et ultrices posuere cubilia Curae; Donec pharetra, magna vestibulum aliquet ultrices, erat tortor sollicitudin mi, sit amet lobortis sapien sapien non mi. Integer ac neque.\n\nDuis bibendum. Morbi non quam nec dui luctus rutrum. Nulla tellus.','Integer ac leo. Pellentesque ultrices mattis odio. Donec vitae nisi.'),('Sodium Monofluorophosphate','Aenean lectus. Pellentesque eget nunc. Donec quis orci eget orci vehicula condimentum.\n\nCurabitur in libero ut massa volutpat convallis. Morbi odio odio, elementum eu, interdum eu, tincidunt in, leo. Maecenas pulvinar lobortis est.\n\nPhasellus sit amet erat. Nulla tempus. Vivamus in felis eu sapien cursus vestibulum.','Nulla ut erat id mauris vulputate elementum. Nullam varius. Nulla facilisi.'),('TALC','Maecenas leo odio, condimentum id, luctus nec, molestie sed, justo. Pellentesque viverra pede ac diam. Cras pellentesque volutpat dui.\n\nMaecenas tristique, est et tempus semper, est quam pharetra magna, ac consequat metus sapien ut nunc. Vestibulum ante ipsum primis in faucibus orci luctus et ultrices posuere cubilia Curae; Mauris viverra diam vitae quam. Suspendisse potenti.\n\nNullam porttitor lacus at turpis. Donec posuere metus vitae ipsum. Aliquam non mauris.','Curabitur gravida nisi at nibh. In hac habitasse platea dictumst. Aliquam augue quam, sollicitudin vitae, consectetuer eget, rutrum at, lorem.'),('Titanium Dioxide and Zinc Oxide','Fusce posuere felis sed lacus. Morbi sem mauris, laoreet ut, rhoncus aliquet, pulvinar sed, nisl. Nunc rhoncus dui vel sem.\n\nSed sagittis. Nam congue, risus semper porta volutpat, quam pede lobortis ligula, sit amet eleifend pede libero quis orci. Nullam molestie nibh in lectus.\n\nPellentesque at nulla. Suspendisse potenti. Cras in purus eu magna vulputate luctus.','In hac habitasse platea dictumst. Etiam faucibus cursus urna. Ut tellus.');
/*!40000 ALTER TABLE `use_casesM` ENABLE KEYS */;
/*!40103 SET TIME_ZONE=@OLD_TIME_ZONE */;

/*!40101 SET SQL_MODE=@OLD_SQL_MODE */;
/*!40014 SET FOREIGN_KEY_CHECKS=@OLD_FOREIGN_KEY_CHECKS */;
/*!40014 SET UNIQUE_CHECKS=@OLD_UNIQUE_CHECKS */;
/*!40101 SET CHARACTER_SET_CLIENT=@OLD_CHARACTER_SET_CLIENT */;
/*!40101 SET CHARACTER_SET_RESULTS=@OLD_CHARACTER_SET_RESULTS */;
/*!40101 SET COLLATION_CONNECTION=@OLD_COLLATION_CONNECTION */;
/*!40111 SET SQL_NOTES=@OLD_SQL_NOTES */;

-- Dump completed on 2023-04-17 17:06:52
